AVG_MIN,AVG_FGM,AVG_FGA,AVG_FG_PCT,AVG_FG3M,AVG_FG3A,AVG_FG3_PCT,AVG_FTM,AVG_FTA,AVG_FT_PCT,AVG_OREB,AVG_DREB,AVG_REB,AVG_AST,AVG_STL,AVG_BLK,AVG_TOV,AVG_PF,AVG_PTS,AVG_PLUS_MINUS,AVG_DKP,AVG_DD,AVG_TD,PLAYER
9.2,1.6,2.93333333333,0.325,0.0,0.0,0.0,0.933333333333,1.66666666667,0.244466666667,1.0,1.46666666667,2.46666666667,0.133333333333,0.333333333333,0.6,0.4,1.4,4.13333333333,0.6,9.08333333333,0.0,0.0,James Michael McAdoo
34.8375,5.575,12.8125,0.4231125,1.5125,4.2125,0.311575,1.7625,2.2,0.5258125,0.6625,4.1375,4.8,3.65,0.7375,0.175,1.7125,1.5,14.425,-1.5,27.68125,0.0375,0.0,Joe Johnson
34.3414634146,4.62195121951,6.51219512195,0.712036585366,0.0121951219512,0.0487804878049,0.0121951219512,2.28048780488,5.74390243902,0.328646341463,4.84146341463,10.1097560976,14.9512195122,0.743902439024,0.987804878049,2.23170731707,1.32926829268,2.98780487805,11.5365853659,7.60975609756,37.9817073171,0.573170731707,0.0,DeAndre Jordan
36.1449275362,9.04347826087,18.5362318841,0.485913043478,1.73913043478,4.91304347826,0.342057971014,5.4347826087,7.65217391304,0.712057971014,0.739130434783,5.28985507246,6.02898550725,7.40579710145,1.57971014493,0.710144927536,3.94202898551,1.95652173913,25.2608695652,7.8115942029,47.9492753623,0.31884057971,0.0289855072464,LeBron James
18.4864864865,1.98648648649,4.82432432432,0.390094594595,0.459459459459,1.67567567568,0.217108108108,1.13513513514,1.59459459459,0.386810810811,1.54054054054,3.08108108108,4.62162162162,0.797297297297,0.945945945946,0.837837837838,0.743243243243,1.85135135135,5.56756756757,1.45945945946,16.0472972973,0.0540540540541,0.0,Al-Farouq Aminu
16.1764705882,2.33333333333,4.74509803922,0.497784313725,0.235294117647,0.843137254902,0.166666666667,0.862745098039,1.11764705882,0.316333333333,0.901960784314,3.0,3.90196078431,1.1568627451,0.607843137255,0.764705882353,1.07843137255,2.1568627451,5.76470588235,-2.37254901961,14.7892156863,0.0588235294118,0.0,Kyle O'Quinn
19.5428571429,3.4,5.77142857143,0.544728571429,0.157142857143,0.728571428571,0.0904714285714,0.957142857143,1.45714285714,0.312857142857,0.871428571429,2.8,3.67142857143,1.35714285714,0.771428571429,1.0,1.12857142857,2.21428571429,7.91428571429,2.12857142857,17.6392857143,0.0285714285714,0.0,James Johnson
22.7285714286,3.58571428571,8.41428571429,0.417242857143,1.27142857143,3.68571428571,0.312214285714,2.1,2.91428571429,0.542,0.4,2.61428571429,3.01428571429,4.18571428571,0.957142857143,0.285714285714,2.2,1.97142857143,10.5428571429,4.5,22.675,0.0428571428571,0.0,Manu Ginobili
14.8939393939,2.77272727273,5.84848484848,0.450136363636,0.651515151515,1.69696969697,0.251242424242,0.878787878788,1.12121212121,0.310060606061,0.348484848485,1.0303030303,1.37878787879,1.5,0.621212121212,0.121212121212,0.666666666667,1.31818181818,7.07575757576,-0.0757575757576,12.5265151515,0.0,0.0,Leandro Barbosa
26.8,5.1,11.1,0.447171428571,0.0428571428571,0.157142857143,0.0428571428571,1.77142857143,2.4,0.564042857143,2.48571428571,5.45714285714,7.94285714286,1.47142857143,0.485714285714,0.742857142857,1.51428571429,2.34285714286,12.0142857143,-5.68571428571,26.3428571429,0.314285714286,0.0,Jordan Hill
18.75,2.1875,5.21875,0.28703125,0.5625,1.5,0.26196875,1.0,1.46875,0.33959375,0.4375,2.09375,2.53125,1.3125,1.03125,0.28125,0.9375,1.3125,5.9375,-1.96875,13.5546875,0.03125,0.0,Tyler Johnson
26.7926829268,3.25609756098,5.9512195122,0.561024390244,0.0,0.0,0.0,1.93902439024,3.0243902439,0.505402439024,3.34146341463,4.67073170732,8.01219512195,0.475609756098,0.414634146341,0.743902439024,1.01219512195,2.30487804878,8.4512195122,2.67073170732,21.2469512195,0.170731707317,0.0,Tristan Thompson
28.5970149254,3.74626865672,9.49253731343,0.388985074627,0.925373134328,3.01492537313,0.271343283582,1.4328358209,2.4328358209,0.39952238806,1.22388059701,3.67164179104,4.89552238806,1.58208955224,1.20895522388,0.313432835821,1.4776119403,1.55223880597,9.85074626866,-5.40298507463,21.2014925373,0.0597014925373,0.0,Luc Mbah a Moute
21.3116883117,2.44155844156,5.79220779221,0.409805194805,1.63636363636,4.19480519481,0.396792207792,0.506493506494,0.623376623377,0.223168831169,0.194805194805,1.37662337662,1.57142857143,1.90909090909,0.857142857143,0.246753246753,0.961038961039,1.50649350649,7.02597402597,1.80519480519,14.3993506494,0.0,0.0,Jason Terry
25.3714285714,3.1,5.7,0.559414285714,0.0,0.0285714285714,0.0,1.47142857143,2.92857142857,0.4241,2.84285714286,4.62857142857,7.47142857143,0.942857142857,0.542857142857,1.22857142857,1.41428571429,3.17142857143,7.67142857143,0.657142857143,21.475,0.142857142857,0.0,Steven Adams
35.4084507042,9.28169014085,19.9295774648,0.466323943662,0.521126760563,1.47887323944,0.301633802817,4.30985915493,5.0985915493,0.810098591549,2.49295774648,7.7323943662,10.2253521127,1.74647887324,0.676056338028,0.957746478873,1.71830985915,1.76056338028,23.3943661972,4.76056338028,42.2887323944,0.549295774648,0.0,LaMarcus Aldridge
18.9113924051,3.11392405063,6.39240506329,0.468101265823,0.329113924051,1.22784810127,0.182455696203,1.10126582278,1.29113924051,0.438835443038,0.253164556962,1.55696202532,1.81012658228,2.78481012658,0.582278481013,0.101265822785,1.12658227848,1.11392405063,7.6582278481,-0.0253164556962,15.0664556962,0.0,0.0,Beno Udrih
34.1612903226,6.09677419355,15.8225806452,0.372516129032,1.37096774194,4.51612903226,0.278322580645,3.77419354839,4.56451612903,0.767129032258,0.564516129032,2.98387096774,3.54838709677,5.12903225806,1.43548387097,0.5,1.61290322581,1.48387096774,17.3387096774,-3.03225806452,33.314516129,0.0645161290323,0.0,Kemba Walker
15.4411764706,1.75,3.86764705882,0.407808823529,1.01470588235,2.5,0.341147058824,0.235294117647,0.338235294118,0.11275,0.117647058824,0.573529411765,0.691176470588,0.779411764706,0.235294117647,0.0735294117647,0.691176470588,1.16176470588,4.75,0.455882352941,7.5625,0.0,0.0,Damjan Rudez
23.5540540541,2.63513513514,5.94594594595,0.406783783784,0.986486486486,2.83783783784,0.297527027027,1.10810810811,1.36486486486,0.426797297297,0.418918918919,2.33783783784,2.75675675676,1.12162162162,0.756756756757,0.0675675675676,0.810810810811,2.0,7.36486486486,-0.783783783784,14.2297297297,0.0,0.0,Alan Anderson
18.2784810127,2.62025316456,5.20253164557,0.428987341772,0.20253164557,0.556962025316,0.165607594937,1.32911392405,1.81012658228,0.458582278481,0.556962025316,1.87341772152,2.43037974684,2.37974683544,0.582278481013,0.215189873418,0.848101265823,1.32911392405,6.77215189873,2.18987341772,14.6518987342,0.0,0.0,Cory Joseph
25.3947368421,4.17105263158,9.34210526316,0.433078947368,0.0,0.0263157894737,0.0,2.21052631579,2.68421052632,0.59225,2.05263157895,5.05263157895,7.10526315789,1.10526315789,0.236842105263,1.64473684211,1.40789473684,2.84210526316,10.5526315789,-0.802631578947,24.5065789474,0.236842105263,0.0,Roy Hibbert
23.3164556962,3.56962025316,5.93670886076,0.598949367089,0.0,0.0,0.0,1.16455696203,2.39240506329,0.34082278481,2.91139240506,4.6835443038,7.59493670886,1.18987341772,0.620253164557,1.24050632911,0.73417721519,2.55696202532,8.30379746835,-3.35443037975,23.0506329114,0.0759493670886,0.0,Ed Davis
20.5394736842,2.67105263158,6.52631578947,0.375131578947,0.513157894737,1.72368421053,0.237342105263,1.11842105263,1.65789473684,0.353078947368,0.355263157895,1.64473684211,2.0,2.03947368421,0.631578947368,0.184210526316,0.855263157895,1.92105263158,6.97368421053,-1.63157894737,13.9934210526,0.0,0.0,Austin Rivers
34.8536585366,6.92682926829,14.2682926829,0.483170731707,1.69512195122,4.25609756098,0.377268292683,3.5243902439,3.91463414634,0.697036585366,0.634146341463,3.9512195122,4.58536585366,10.2195121951,1.90243902439,0.182926829268,2.31707317073,2.4756097561,19.0731707317,8.93902439024,44.762195122,0.487804878049,0.0121951219512,Chris Paul
36.44,7.70666666667,16.4666666667,0.46724,2.09333333333,5.04,0.3932,4.2,4.86666666667,0.761066666667,0.733333333333,2.42666666667,3.16,5.18666666667,1.52,0.266666666667,2.48,1.94666666667,21.7066666667,5.65333333333,36.9366666667,0.08,0.0,Kyrie Irving
17.0,2.6724137931,6.62068965517,0.405827586207,0.448275862069,1.89655172414,0.128620689655,0.793103448276,1.01724137931,0.320396551724,0.913793103448,2.03448275862,2.94827586207,0.98275862069,0.827586206897,0.448275862069,0.810344827586,2.51724137931,6.58620689655,-0.241379310345,14.1681034483,0.0344827586207,0.0,Darrell Arthur
9.62745098039,0.941176470588,2.35294117647,0.301725490196,0.607843137255,1.64705882353,0.236921568627,0.176470588235,0.294117647059,0.0686274509804,0.137254901961,0.666666666667,0.803921568627,0.509803921569,0.137254901961,0.0392156862745,0.529411764706,1.21568627451,2.66666666667,-2.01960784314,4.82843137255,0.0,0.0,Joe Harris
16.6666666667,2.24691358025,4.41975308642,0.510901234568,0.0,0.0,0.0,0.679012345679,1.04938271605,0.260283950617,1.49382716049,3.76543209877,5.25925925926,0.456790123457,0.358024691358,0.777777777778,0.851851851852,1.82716049383,5.17283950617,1.20987654321,14.2777777778,0.0,0.0,Kosta Koufos
27.8,4.97333333333,9.81333333333,0.496106666667,0.0133333333333,0.106666666667,0.0133333333333,2.65333333333,3.84,0.55304,3.22666666667,5.68,8.90666666667,1.18666666667,0.826666666667,0.76,1.57333333333,2.81333333333,12.6133333333,-0.533333333333,28.44,0.346666666667,0.0,Kenneth Faried
16.5454545455,2.04545454545,6.15151515152,0.308696969697,1.04545454545,3.51515151515,0.258303030303,0.681818181818,0.863636363636,0.287878787879,0.409090909091,1.60606060606,2.01515151515,1.19696969697,0.651515151515,0.212121212121,0.651515151515,1.54545454545,5.81818181818,0.469696969697,12.0568181818,0.0,0.0,Vince Carter
33.4761904762,5.7619047619,13.5079365079,0.423984126984,1.68253968254,4.11111111111,0.406444444444,2.06349206349,2.63492063492,0.54319047619,0.904761904762,2.92063492063,3.8253968254,3.07936507937,1.20634920635,0.285714285714,1.95238095238,2.15873015873,15.2698412698,3.04761904762,27.5674603175,0.031746031746,0.0,Bradley Beal
15.6935483871,2.56451612903,5.88709677419,0.345758064516,0.887096774194,2.24193548387,0.294338709677,0.822580645161,1.17741935484,0.290338709677,0.225806451613,1.24193548387,1.46774193548,1.03225806452,0.693548387097,0.129032258065,0.774193548387,1.3064516129,6.83870967742,1.90322580645,11.9233870968,0.0,0.0,CJ McCollum
14.75,1.58333333333,4.25,0.336083333333,0.416666666667,1.5,0.21525,0.666666666667,1.08333333333,0.1875,0.166666666667,1.66666666667,1.83333333333,2.0,0.916666666667,0.333333333333,0.833333333333,1.66666666667,4.25,0.583333333333,11.8333333333,0.0,0.0,Toney Douglas
30.875,3.64285714286,9.5,0.394053571429,2.05357142857,5.76785714286,0.350892857143,0.803571428571,1.07142857143,0.279767857143,1.19642857143,3.03571428571,4.23214285714,3.42857142857,1.05357142857,0.410714285714,1.48214285714,3.25,10.1428571429,1.26785714286,23.84375,0.0357142857143,0.0,Patrick Beverley
22.8604651163,1.79069767442,5.18604651163,0.289069767442,0.720930232558,2.53488372093,0.215860465116,0.837209302326,1.04651162791,0.308139534884,0.441860465116,1.16279069767,1.60465116279,3.83720930233,1.55813953488,0.093023255814,1.20930232558,2.74418604651,5.13953488372,-1.72093023256,15.9593023256,0.0,0.0,Ronnie Price
35.5733333333,5.38666666667,12.3466666667,0.412986666667,0.933333333333,2.73333333333,0.284733333333,3.53333333333,4.84,0.63552,0.56,2.56,3.12,9.6,1.22666666667,0.12,2.46666666667,1.70666666667,15.24,-0.466666666667,36.0266666667,0.373333333333,0.0,Ty Lawson
16.9677419355,1.62903225806,3.98387096774,0.352741935484,0.5,1.53225806452,0.218580645161,1.27419354839,1.51612903226,0.424193548387,0.822580645161,2.01612903226,2.83870967742,0.774193548387,0.403225806452,0.274193548387,0.629032258065,1.43548387097,5.03225806452,-0.112903225806,11.0564516129,0.0161290322581,0.0,James Ennis III
35.75,8.95,20.15,0.453125,1.525,4.475,0.3572,4.725,5.925,0.7771,1.8,4.8,6.6,3.05,1.0,0.425,2.225,2.175,24.15,-2.675,39.6625,0.125,0.0,Carmelo Anthony
20.1585365854,2.79268292683,6.64634146341,0.3935,0.743902439024,2.53658536585,0.218219512195,1.32926829268,1.71951219512,0.425231707317,0.878048780488,2.69512195122,3.57317073171,1.14634146341,0.878048780488,0.30487804878,0.59756097561,1.67073170732,7.65853658537,0.878048780488,16.2835365854,0.0,0.0,Jae Crowder
13.4680851064,2.21276595745,5.31914893617,0.383170212766,0.808510638298,2.36170212766,0.284425531915,1.04255319149,1.17021276596,0.312404255319,0.170212765957,2.10638297872,2.27659574468,0.936170212766,0.446808510638,0.127659574468,0.574468085106,1.10638297872,6.27659574468,-1.53191489362,11.8244680851,0.0212765957447,0.0,Jeremy Lamb
35.0333333333,6.81666666667,16.5,0.39635,0.416666666667,1.46666666667,0.19055,6.01666666667,7.23333333333,0.773866666667,0.683333333333,3.93333333333,4.61666666667,3.5,1.21666666667,0.183333333333,2.28333333333,2.03333333333,20.0666666667,2.18333333333,33.0541666667,0.0666666666667,0.0,DeMar DeRozan
23.5609756098,4.19512195122,8.32926829268,0.505134146341,0.109756097561,0.390243902439,0.0792682926829,2.06097560976,2.60975609756,0.59062195122,1.69512195122,3.15853658537,4.85365853659,1.26829268293,0.5,0.390243902439,1.01219512195,1.70731707317,10.5609756098,-2.15853658537,19.9512195122,0.0609756097561,0.0,Brandon Bass
31.7179487179,5.35897435897,12.5,0.427871794872,1.78205128205,5.20512820513,0.336512820513,1.41025641026,1.82051282051,0.461217948718,1.23076923077,4.85897435897,6.08974358974,1.71794871795,0.74358974359,0.371794871795,1.41025641026,2.96153846154,13.9102564103,-2.80769230769,26.6698717949,0.102564102564,0.0,Wilson Chandler
30.2142857143,3.5,8.42857142857,0.408833333333,1.40476190476,3.38095238095,0.362976190476,0.690476190476,0.761904761905,0.281738095238,0.452380952381,2.5,2.95238095238,4.71428571429,0.738095238095,0.0,1.78571428571,1.80952380952,9.09523809524,-8.09523809524,21.2142857143,0.047619047619,0.0,Jose Calderon
13.126984127,1.46031746032,3.04761904762,0.369206349206,0.936507936508,1.8253968254,0.348142857143,0.206349206349,0.301587301587,0.111111111111,0.190476190476,1.57142857143,1.7619047619,0.380952380952,0.269841269841,0.174603174603,0.412698412698,1.0,4.06349206349,-1.61904761905,7.9880952381,0.0,0.0,Luke Babbitt
21.75,2.15,5.575,0.3564,1.2,3.0125,0.34055,0.5,0.65,0.215625,0.4125,2.0125,2.425,1.0625,0.5875,0.2625,0.6875,1.9125,6.0,-1.2,12.58125,0.0,0.0,Kyle Singler
18.546875,1.953125,5.21875,0.329828125,0.296875,0.9375,0.1875,2.078125,2.703125,0.575765625,0.359375,1.890625,2.25,2.84375,0.453125,0.0,1.34375,1.140625,6.28125,-2.5625,13.7421875,0.0,0.0,Ramon Sessions
28.5853658537,5.31707317073,13.243902439,0.37443902439,1.85365853659,5.14634146341,0.276585365854,2.92682926829,3.48780487805,0.608243902439,0.512195121951,2.0243902439,2.53658536585,6.63414634146,1.07317073171,0.0975609756098,2.19512195122,1.56097560976,15.4146341463,0.780487804878,30.8902439024,0.121951219512,0.0,Brandon Jennings
34.4473684211,6.36842105263,14.3026315789,0.437144736842,1.57894736842,4.34210526316,0.361868421053,4.93421052632,6.07894736842,0.777486842105,0.710526315789,4.19736842105,4.90789473684,4.11842105263,1.42105263158,0.394736842105,2.71052631579,1.72368421053,19.25,1.39473684211,34.6677631579,0.0263157894737,0.0,Gordon Hayward
22.3548387097,3.20967741935,7.58064516129,0.433274193548,1.38709677419,3.70967741935,0.347451612903,1.35483870968,1.59677419355,0.407661290323,0.41935483871,2.11290322581,2.53225806452,1.51612903226,0.5,0.0483870967742,0.983870967742,1.37096774194,9.16129032258,0.0,15.8991935484,0.0,0.0,Marco Belinelli
21.4,3.1,7.48,0.3813,1.24,3.4,0.34528,1.22,1.6,0.37164,0.18,2.16,2.34,1.66,0.6,0.24,0.9,2.38,8.66,1.18,15.925,0.0,0.0,Rodney Hood
31.2428571429,4.54285714286,9.32857142857,0.486728571429,1.71428571429,4.34285714286,0.3648,1.81428571429,2.58571428571,0.500457142857,1.41428571429,3.9,5.31428571429,1.68571428571,1.34285714286,0.242857142857,1.07142857143,2.2,12.6142857143,2.94285714286,25.3428571429,0.0428571428571,0.0,DeMarre Carroll
10.7272727273,0.939393939394,2.69696969697,0.211636363636,0.0909090909091,0.333333333333,0.0606060606061,0.272727272727,0.424242424242,0.114151515152,0.151515151515,2.0303030303,2.18181818182,0.848484848485,0.454545454545,0.212121212121,0.30303030303,0.848484848485,2.24242424242,-1.06060606061,7.4696969697,0.0,0.0,Kyle Anderson
5.65714285714,0.628571428571,1.6,0.212371428571,0.542857142857,1.37142857143,0.197142857143,0.0,0.0571428571429,0.0,0.0571428571429,0.571428571429,0.628571428571,0.314285714286,0.0,0.0571428571429,0.142857142857,0.657142857143,1.8,-1.51428571429,3.37142857143,0.0,0.0,Steve Novak
26.0897435897,2.69230769231,6.34615384615,0.411538461538,1.21794871795,3.39743589744,0.318076923077,0.794871794872,1.11538461538,0.316230769231,0.74358974359,4.20512820513,4.94871794872,1.28205128205,0.884615384615,0.461538461538,0.769230769231,1.87179487179,7.39743589744,-2.01282051282,18.4423076923,0.0128205128205,0.0,Marvin Williams
5.15,0.75,1.95,0.29645,0.15,0.95,0.07915,0.2,0.2,0.1,0.25,0.6,0.85,0.5,0.05,0.0,0.1,0.6,1.85,-1.8,3.7875,0.0,0.0,Reggie Williams
11.0416666667,1.5,3.70833333333,0.341666666667,0.125,0.666666666667,0.0972083333333,0.75,1.16666666667,0.301375,1.125,2.08333333333,3.20833333333,0.541666666667,0.333333333333,0.416666666667,0.916666666667,1.79166666667,3.875,-4.66666666667,9.80208333333,0.0,0.0,Joffrey Lauvergne
29.9210526316,3.64473684211,8.21052631579,0.442328947368,1.78947368421,4.94736842105,0.327026315789,0.973684210526,1.25,0.407460526316,0.671052631579,3.30263157895,3.97368421053,1.5,0.881578947368,0.657894736842,1.14473684211,3.15789473684,10.0526315789,6.93421052632,20.6907894737,0.0131578947368,0.0,Matt Barnes
24.0483870968,2.93548387097,7.12903225806,0.373661290323,0.112903225806,0.354838709677,0.0591290322581,1.16129032258,1.59677419355,0.370580645161,1.04838709677,2.09677419355,3.14516129032,1.11290322581,0.596774193548,0.129032258065,1.1935483871,1.62903225806,7.14516129032,-5.51612903226,13.6572580645,0.0,0.0,Lance Thomas
23.6923076923,2.0,5.94230769231,0.319230769231,0.865384615385,2.57692307692,0.291634615385,1.51923076923,1.82692307692,0.505269230769,0.25,2.55769230769,2.80769230769,1.76923076923,0.576923076923,0.461538461538,0.711538461538,2.26923076923,6.38461538462,-2.86538461538,14.7019230769,0.0,0.0,Ryan Kelly
30.48,3.90666666667,5.86666666667,0.647946666667,0.0,0.0,0.0,2.46666666667,3.42666666667,0.6274,3.92,7.6,11.52,1.12,0.56,1.21333333333,1.4,2.25333333333,10.28,3.09333333333,29.8266666667,0.413333333333,0.0,Tyson Chandler
3.0,0.5,1.5,0.125,0.25,0.375,0.083375,0.0,0.0,0.0,0.125,0.125,0.25,0.0,0.0,0.125,0.5,0.375,1.25,-3.375,1.6875,0.0,0.0,Bruno Caboclo
13.4705882353,1.5,4.97058823529,0.257882352941,0.352941176471,1.91176470588,0.127441176471,0.911764705882,1.0,0.3505,0.117647058824,1.29411764706,1.41176470588,3.05882352941,0.558823529412,0.176470588235,0.970588235294,1.55882352941,4.26470588235,-2.05882352941,11.8235294118,0.0294117647059,0.0,Spencer Dinwiddie
17.64,1.88,4.41333333333,0.363426666667,0.64,1.76,0.249053333333,0.8,1.33333333333,0.271773333333,0.28,2.68,2.96,1.04,0.693333333333,0.44,0.973333333333,1.69333333333,5.2,-1.28,12.56,0.0,0.0,Kent Bazemore
29.9024390244,5.35365853659,9.4512195122,0.558914634146,0.0,0.0365853658537,0.0,1.5,2.13414634146,0.469,2.19512195122,6.5487804878,8.74390243902,1.18292682927,0.59756097561,1.34146341463,1.21951219512,2.32926829268,12.2073170732,3.13414634146,28.5823170732,0.268292682927,0.0,Marcin Gortat
22.1842105263,2.88157894737,6.89473684211,0.390960526316,1.25,3.5,0.307447368421,1.73684210526,2.13157894737,0.572684210526,0.171052631579,1.60526315789,1.77631578947,3.11842105263,1.02631578947,0.184210526316,1.11842105263,1.93421052632,8.75,1.25,18.1348684211,0.0,0.0,Devin Harris
34.7111111111,5.77777777778,12.2222222222,0.480133333333,1.33333333333,3.57777777778,0.3376,3.22222222222,4.08888888889,0.698111111111,0.422222222222,2.75555555556,3.17777777778,5.6,1.48888888889,0.311111111111,2.48888888889,2.11111111111,16.1111111111,0.755555555556,31.6055555556,0.0666666666667,0.0,Darren Collison
15.6666666667,2.50980392157,6.58823529412,0.369803921569,1.21568627451,3.56862745098,0.291117647059,0.647058823529,0.78431372549,0.274509803922,0.411764705882,1.05882352941,1.47058823529,1.70588235294,0.549019607843,0.0392156862745,0.686274509804,1.13725490196,6.88235294118,3.03921568627,12.7205882353,0.0,0.0,Patty Mills
19.5540540541,4.37837837838,10.5135135135,0.390486486486,1.85135135135,5.22972972973,0.332567567568,1.33783783784,1.62162162162,0.424094594595,0.445945945946,2.06756756757,2.51351351351,1.22972972973,0.567567567568,0.162162162162,1.40540540541,1.95945945946,11.9459459459,-0.0540540540541,18.6148648649,0.0,0.0,Gerald Green
10.7352941176,1.29411764706,3.52941176471,0.348235294118,0.0,0.0,0.0,0.352941176471,0.794117647059,0.137264705882,0.764705882353,1.11764705882,1.88235294118,0.5,0.147058823529,0.117647058824,0.735294117647,1.29411764706,2.94117647059,-2.91176470588,6.20588235294,0.0,0.0,Johnny O'Bryant III
32.525,5.95,13.35,0.4476,1.275,3.375,0.339875,1.625,1.9,0.545,0.8,2.575,3.375,6.85,1.575,0.575,2.275,2.75,14.8,2.45,33.28125,0.125,0.0,Jrue Holiday
26.8787878788,4.78787878788,9.06060606061,0.522757575758,0.393939393939,1.12121212121,0.217181818182,1.72727272727,2.84848484848,0.490575757576,2.36363636364,4.30303030303,6.66666666667,1.09090909091,0.545454545455,1.78787878788,1.12121212121,2.36363636364,11.696969697,2.39393939394,26.3333333333,0.242424242424,0.0,Terrence Jones
15.3333333333,3.0,8.16666666667,0.356,1.5,3.66666666667,0.375,1.33333333333,1.83333333333,0.388833333333,0.666666666667,3.0,3.66666666667,1.0,0.833333333333,0.166666666667,2.0,1.83333333333,8.83333333333,2.5,16.6666666667,0.0,0.0,Paul George
30.552238806,2.83582089552,6.37313432836,0.457044776119,0.0,0.0298507462687,0.0,1.5671641791,2.59701492537,0.425149253731,3.26865671642,6.37313432836,9.64179104478,4.65671641791,0.716417910448,1.10447761194,1.83582089552,3.02985074627,7.23880597015,1.16417910448,29.3358208955,0.223880597015,0.0,Joakim Noah
13.4615384615,0.711538461538,2.19230769231,0.189692307692,0.615384615385,1.88461538462,0.164076923077,0.0576923076923,0.0769230769231,0.0288461538462,0.0769230769231,1.67307692308,1.75,0.884615384615,0.269230769231,0.0769230769231,0.442307692308,1.42307692308,2.09615384615,-1.36538461538,6.38942307692,0.0,0.0,Mike Miller
9.68965517241,1.48275862069,3.65517241379,0.321310344828,0.344827586207,1.1724137931,0.179275862069,0.413793103448,0.51724137931,0.206896551724,0.0689655172414,0.827586206897,0.896551724138,1.41379310345,0.379310344828,0.137931034483,0.620689655172,0.586206896552,3.72413793103,-0.689655172414,7.86206896552,0.0,0.0,Raymond Felton
22.9756097561,4.19512195122,9.96341463415,0.416585365854,1.4756097561,3.81707317073,0.355146341463,1.76829268293,2.12195121951,0.564597560976,0.390243902439,1.63414634146,2.0243902439,3.18292682927,0.658536585366,0.182926829268,1.91463414634,2.30487804878,11.6341463415,2.5487804878,20.4207317073,0.0121951219512,0.0,Aaron Brooks
31.5064935065,5.63636363636,13.1558441558,0.41912987013,1.61038961039,4.57142857143,0.329220779221,1.02597402597,1.2987012987,0.425350649351,0.597402597403,2.53246753247,3.12987012987,1.75324675325,1.06493506494,0.194805194805,1.41558441558,2.2987012987,13.9090909091,-1.12987012987,23.0876623377,0.012987012987,0.0,Avery Bradley
28.7794117647,5.94117647059,12.2352941176,0.455514705882,0.558823529412,1.30882352941,0.309058823529,1.91176470588,2.44117647059,0.535338235294,0.220588235294,1.67647058824,1.89705882353,4.92647058824,0.647058823529,0.0294117647059,2.14705882353,1.58823529412,14.3529411765,2.94117647059,24.6948529412,0.0147058823529,0.0,Tony Parker
34.1621621622,8.52702702703,16.2972972973,0.519054054054,0.027027027027,0.0810810810811,0.027027027027,2.21621621622,2.94594594595,0.670405405405,3.21621621622,7.72972972973,10.9459459459,1.98648648649,0.72972972973,0.72972972973,2.0,2.97297297297,19.2972972973,-4.08108108108,38.8040540541,0.608108108108,0.0,Nikola Vucevic
15.4,2.825,5.35,0.4781,0.125,0.525,0.0875,0.35,0.475,0.225,1.025,1.1,2.125,0.625,0.45,0.225,0.675,1.275,6.125,-2.3,10.79375,0.0,0.0,TJ Warren
30.4868421053,6.82894736842,12.6973684211,0.556881578947,0.144736842105,0.473684210526,0.138157894737,1.40789473684,1.85526315789,0.453473684211,1.72368421053,5.43421052632,7.15789473684,3.21052631579,0.894736842105,1.28947368421,1.31578947368,1.59210526316,15.2105263158,3.77631578947,33.0723684211,0.184210526316,0.0131578947368,Al Horford
8.28571428571,0.734693877551,1.26530612245,0.324265306122,0.0,0.0,0.0,0.30612244898,0.448979591837,0.163265306122,0.65306122449,1.24489795918,1.89795918367,0.102040816327,0.244897959184,1.0,0.244897959184,1.12244897959,1.77551020408,0.265306122449,6.66836734694,0.0,0.0,Joel Anthony
22.7413793103,4.53448275862,9.60344827586,0.471534482759,1.27586206897,3.27586206897,0.33474137931,1.18965517241,1.84482758621,0.376137931034,1.37931034483,3.39655172414,4.77586206897,0.965517241379,0.620689655172,0.327586206897,0.775862068966,2.56896551724,11.5344827586,0.413793103448,21.2543103448,0.103448275862,0.0,Ersan Ilyasova
15.4657534247,1.47945205479,4.05479452055,0.276835616438,0.657534246575,2.04109589041,0.263945205479,0.753424657534,0.876712328767,0.285397260274,0.150684931507,1.05479452055,1.20547945205,0.917808219178,0.27397260274,0.232876712329,0.547945205479,1.2602739726,4.3698630137,-1.75342465753,8.32191780822,0.0,0.0,Nik Stauskas
29.7428571429,4.5,10.7857142857,0.396471428571,2.32857142857,6.08571428571,0.325471428571,0.771428571429,1.02857142857,0.289285714286,0.428571428571,2.68571428571,3.11428571429,2.78571428571,1.17142857143,0.314285714286,1.38571428571,2.32857142857,12.1,2.28571428571,23.6142857143,0.0,0.0,JR Smith
29.4675324675,5.61038961039,12.9350649351,0.425220779221,0.935064935065,3.12987012987,0.287285714286,2.35064935065,2.83116883117,0.525337662338,0.727272727273,3.51948051948,4.24675324675,6.0,0.805194805195,0.116883116883,2.41558441558,2.16883116883,14.5064935065,1.45454545455,30.288961039,0.194805194805,0.025974025974,Reggie Jackson
33.6111111111,5.125,10.9305555556,0.453208333333,1.08333333333,3.05555555556,0.331875,2.65277777778,3.48611111111,0.635763888889,1.43055555556,3.79166666667,5.22222222222,1.93055555556,0.902777777778,0.305555555556,1.5,1.51388888889,13.9861111111,-0.152777777778,25.7222222222,0.0694444444444,0.0,Luol Deng
26.65625,5.1875,13.109375,0.378984375,1.859375,5.6875,0.310953125,3.546875,3.9375,0.825796875,0.28125,1.65625,1.9375,2.46875,0.921875,0.21875,1.4375,1.6875,15.78125,1.21875,24.3984375,0.0,0.0,Jamal Crawford
21.1772151899,1.86075949367,4.48101265823,0.372316455696,0.911392405063,2.55696202532,0.283924050633,0.379746835443,0.506329113924,0.180379746835,0.278481012658,1.93670886076,2.21518987342,2.30379746835,0.911392405063,0.126582278481,1.24050632911,1.56962025316,5.01265822785,-0.632911392405,13.1487341772,0.0,0.0,Joe Ingles
34.6,6.14285714286,14.9,0.409185714286,1.88571428571,5.58571428571,0.3214,3.6,4.45714285714,0.753957142857,0.771428571429,3.91428571429,4.68571428571,6.75714285714,1.55714285714,0.185714285714,2.47142857143,3.02857142857,17.7714285714,2.87142857143,37.3214285714,0.185714285714,0.0285714285714,Kyle Lowry
33.858974359,6.4358974359,12.8461538462,0.491551282051,1.15384615385,3.32051282051,0.309307692308,2.32051282051,3.0,0.588179487179,1.03846153846,2.47435897436,3.51282051282,4.48717948718,1.0,0.192307692308,2.21794871795,2.5,16.3461538462,0.282051282051,29.3974358974,0.0512820512821,0.0,Goran Dragic
30.3658536585,3.67073170732,8.63414634146,0.406463414634,0.134146341463,0.512195121951,0.0813048780488,1.43902439024,2.60975609756,0.388695121951,1.30487804878,2.9512195122,4.25609756098,6.5,1.73170731707,0.243902439024,2.4756097561,2.35365853659,8.91463414634,-2.46341463415,27.0579268293,0.146341463415,0.0243902439024,Elfrid Payton
26.4507042254,4.67605633803,10.6197183099,0.418422535211,0.774647887324,1.98591549296,0.31338028169,2.49295774648,3.04225352113,0.661845070423,0.507042253521,2.98591549296,3.49295774648,3.08450704225,0.788732394366,0.140845070423,1.66197183099,1.84507042254,12.6197183099,-0.267605633803,23.0704225352,0.0281690140845,0.0,Rodney Stuckey
8.44680851064,1.29787234043,3.51063829787,0.293936170213,0.914893617021,2.51063829787,0.279212765957,0.234042553191,0.276595744681,0.0886595744681,0.170212765957,0.531914893617,0.702127659574,0.468085106383,0.127659574468,0.0212765957447,0.425531914894,0.851063829787,3.74468085106,-1.8085106383,5.8670212766,0.0,0.0,Troy Daniels
21.1492537313,3.11940298507,6.37313432836,0.460701492537,0.522388059701,1.29850746269,0.210925373134,2.08955223881,2.85074626866,0.571089552239,0.805970149254,3.07462686567,3.88059701493,1.5223880597,0.462686567164,0.134328358209,1.31343283582,1.59701492537,8.85074626866,-2.73134328358,16.8059701493,0.0149253731343,0.0,Omri Casspi
27.0149253731,2.61194029851,7.11940298507,0.351671641791,1.35820895522,4.05970149254,0.281791044776,1.22388059701,1.89552238806,0.40576119403,0.910447761194,2.40298507463,3.31343283582,3.10447761194,1.4776119403,0.268656716418,1.34328358209,2.62686567164,7.80597014925,0.865671641791,20.1044776119,0.0,0.0,Marcus Smart
27.5487804878,3.90243902439,9.09756097561,0.411329268293,0.40243902439,1.4512195122,0.191646341463,1.29268292683,1.71951219512,0.448743902439,0.487804878049,4.59756097561,5.08536585366,5.4756097561,1.01219512195,0.231707317073,2.41463414634,2.19512195122,9.5,-1.23170731707,25.7896341463,0.0853658536585,0.0365853658537,Evan Turner
35.8048780488,4.46341463415,11.0975609756,0.405109756098,2.36585365854,6.76829268293,0.333256097561,1.48780487805,1.74390243902,0.549304878049,0.939024390244,4.65853658537,5.59756097561,2.5487804878,1.85365853659,0.207317073171,1.71951219512,2.26829268293,12.7804878049,2.79268292683,28.1006097561,0.0365853658537,0.0,Trevor Ariza
32.24,3.89333333333,8.0,0.47544,2.94666666667,5.98666666667,0.487853333333,1.41333333333,1.57333333333,0.483,0.2,3.85333333333,4.05333333333,2.61333333333,0.693333333333,0.56,1.42666666667,1.86666666667,12.1466666667,8.29333333333,24.42,0.0133333333333,0.0,Kyle Korver
18.5,2.44444444444,6.27777777778,0.358236111111,0.861111111111,2.68055555556,0.285013888889,0.916666666667,1.02777777778,0.324305555556,0.180555555556,1.33333333333,1.51388888889,2.25,0.458333333333,0.0833333333333,0.791666666667,1.04166666667,6.66666666667,-1.18055555556,13.0520833333,0.0,0.0,Brian Roberts
24.7402597403,3.71428571429,8.79220779221,0.408051948052,0.74025974026,2.16883116883,0.273350649351,1.93506493506,2.2987012987,0.51912987013,0.350649350649,2.42857142857,2.77922077922,3.58441558442,0.701298701299,0.12987012987,2.50649350649,2.05194805195,10.1038961039,-7.0,19.8116883117,0.0519480519481,0.0,Zach LaVine
33.8148148148,8.81481481481,17.2962962963,0.52137037037,2.37037037037,5.88888888889,0.388481481481,5.40740740741,6.33333333333,0.861074074074,0.592592592593,6.0,6.59259259259,4.07407407407,0.888888888889,0.925925925926,2.74074074074,1.48148148148,25.4074074074,6.22222222222,43.4814814815,0.185185185185,0.0,Kevin Durant
26.3292682927,3.14634146341,5.20731707317,0.616426829268,0.0,0.0243902439024,0.0,2.07317073171,3.32926829268,0.492743902439,3.23170731707,6.21951219512,9.4512195122,1.32926829268,0.780487804878,2.30487804878,1.35365853659,2.13414634146,8.36585365854,0.0731707317073,28.125,0.30487804878,0.0,Rudy Gobert
18.4489795918,3.26530612245,6.38775510204,0.513530612245,0.0,0.0408163265306,0.0,1.38775510204,2.12244897959,0.448979591837,1.65306122449,3.59183673469,5.24489795918,1.73469387755,0.632653061224,0.530612244898,1.0,1.69387755102,7.91836734694,0.510204081633,18.9336734694,0.0204081632653,0.0,David Lee
16.0163934426,2.3606557377,4.93442622951,0.47731147541,0.0,0.0,0.0,0.819672131148,1.04918032787,0.303278688525,1.65573770492,3.88524590164,5.54098360656,1.22950819672,0.606557377049,1.06557377049,0.967213114754,2.0,5.54098360656,-4.47540983607,17.3196721311,0.0983606557377,0.0,Cole Aldrich
22.8157894737,5.10526315789,10.4473684211,0.459631578947,0.526315789474,1.34210526316,0.214894736842,2.73684210526,3.81578947368,0.624131578947,1.65789473684,2.39473684211,4.05263157895,1.15789473684,0.473684210526,0.184210526316,0.921052631579,1.28947368421,13.4736842105,-4.21052631579,21.4342105263,0.0263157894737,0.0,Shabazz Muhammad
24.5,4.26923076923,7.69230769231,0.536423076923,0.0,0.0769230769231,0.0,1.26923076923,1.73076923077,0.442923076923,2.19230769231,4.34615384615,6.53846153846,1.34615384615,0.730769230769,0.615384615385,1.34615384615,2.23076923077,9.80769230769,0.192307692308,22.1346153846,0.0769230769231,0.0,Anderson Varejao
31.0735294118,4.38235294118,11.3382352941,0.362323529412,1.27941176471,3.48529411765,0.329088235294,2.95588235294,3.54411764706,0.720823529412,0.426470588235,3.05882352941,3.48529411765,6.58823529412,0.941176470588,0.25,2.26470588235,2.30882352941,13.0,-0.205882352941,29.3713235294,0.161764705882,0.0,Deron Williams
16.1290322581,1.72580645161,3.85483870968,0.384258064516,0.0322580645161,0.161290322581,0.0322580645161,0.725806451613,1.03225806452,0.254564516129,1.14516129032,3.01612903226,4.16129032258,0.741935483871,0.338709677419,0.209677419355,0.661290322581,1.82258064516,4.20967741935,-2.5,11.3790322581,0.0483870967742,0.0,Udonis Haslem
29.0243902439,3.06097560976,7.73170731707,0.38356097561,0.829268292683,2.53658536585,0.261573170732,1.93902439024,2.35365853659,0.515195121951,0.853658536585,2.9756097561,3.82926829268,2.24390243902,0.80487804878,0.219512195122,1.40243902439,2.15853658537,8.89024390244,-2.19512195122,18.8231707317,0.0121951219512,0.0,Solomon Hill
21.9090909091,1.90909090909,5.54545454545,0.433363636364,0.454545454545,1.54545454545,0.181818181818,0.909090909091,1.90909090909,0.290909090909,0.545454545455,2.0,2.54545454545,5.45454545455,0.727272727273,0.0,2.27272727273,2.36363636364,5.18181818182,-0.545454545455,17.2272727273,0.0909090909091,0.0,Tim Frazier
25.8032786885,3.39344262295,9.01639344262,0.359819672131,0.295081967213,1.72131147541,0.106967213115,1.13114754098,1.80327868852,0.364868852459,0.639344262295,3.90163934426,4.54098360656,3.93442622951,0.622950819672,0.131147540984,2.09836065574,2.19672131148,8.2131147541,-3.55737704918,20.4467213115,0.0327868852459,0.0,Lance Stephenson
30.8133333333,4.02666666667,8.70666666667,0.458693333333,0.0,0.0,0.0,1.86666666667,3.06666666667,0.45588,2.46666666667,5.68,8.14666666667,1.70666666667,1.77333333333,1.89333333333,1.94666666667,2.77333333333,9.92,-5.76,29.3833333333,0.24,0.0,Nerlens Noel
17.4794520548,2.23287671233,5.68493150685,0.333164383562,0.753424657534,2.41095890411,0.243219178082,0.602739726027,0.931506849315,0.230602739726,0.41095890411,3.12328767123,3.53424657534,1.20547945205,0.328767123288,0.72602739726,0.835616438356,2.3698630137,5.82191780822,-1.20547945205,14.1164383562,0.0,0.0,Spencer Hawes
21.03125,3.296875,6.96875,0.443390625,0.0,0.109375,0.0,1.359375,1.828125,0.40503125,1.84375,4.65625,6.5,0.890625,0.53125,0.390625,0.71875,2.03125,7.953125,-1.328125,18.96875,0.046875,0.0,Kris Humphries
17.4705882353,1.64705882353,3.11764705882,0.508823529412,0.470588235294,1.11764705882,0.205882352941,0.470588235294,0.764705882353,0.135294117647,0.411764705882,2.23529411765,2.64705882353,1.94117647059,0.705882352941,0.176470588235,1.29411764706,2.41176470588,4.23529411765,1.88235294118,11.8088235294,0.0,0.0,Josh McRoberts
6.875,1.125,1.95833333333,0.28125,0.0,0.25,0.0,0.333333333333,0.416666666667,0.166666666667,0.791666666667,1.08333333333,1.875,0.166666666667,0.208333333333,0.208333333333,0.583333333333,1.04166666667,2.58333333333,-1.04166666667,5.71875,0.0,0.0,JaMychal Green
27.9428571429,4.27142857143,10.8,0.3761,2.38571428571,6.37142857143,0.357771428571,2.54285714286,3.1,0.686271428571,0.928571428571,3.58571428571,4.51428571429,1.5,1.38571428571,0.442857142857,1.82857142857,2.7,13.4714285714,-2.08571428571,25.3214285714,0.0142857142857,0.0,Robert Covington
11.1355932203,1.54237288136,3.98305084746,0.32786440678,0.593220338983,1.84745762712,0.204677966102,0.627118644068,0.762711864407,0.228813559322,0.203389830508,1.03389830508,1.23728813559,0.813559322034,0.677966101695,0.203389830508,0.491525423729,0.915254237288,4.30508474576,-0.220338983051,8.88559322034,0.0,0.0,Justin Holiday
18.9411764706,2.23529411765,4.86764705882,0.449308823529,0.264705882353,0.882352941176,0.131132352941,1.11764705882,1.42647058824,0.454838235294,1.16176470588,3.26470588235,4.42647058824,1.0,0.397058823529,0.323529411765,0.882352941176,2.16176470588,5.85294117647,-3.13235294118,14.0404411765,0.0147058823529,0.0,Quincy Acy
15.7192982456,2.19298245614,5.21052631579,0.362754385965,0.122807017544,0.40350877193,0.0935614035088,0.719298245614,1.12280701754,0.285087719298,0.912280701754,2.87719298246,3.78947368421,0.842105263158,0.473684210526,0.280701754386,0.631578947368,1.52631578947,5.22807017544,-5.19298245614,12.5350877193,0.0350877192982,0.0,Anthony Bennett
13.4117647059,1.23529411765,3.0,0.340333333333,0.588235294118,1.66666666667,0.242137254902,0.235294117647,0.313725490196,0.112745098039,0.137254901961,1.29411764706,1.43137254902,0.764705882353,0.372549019608,0.294117647059,0.294117647059,1.45098039216,3.29411764706,-0.490196078431,7.71078431373,0.0,0.0,Allen Crabbe
31.4090909091,3.54545454545,9.95454545455,0.349772727273,0.590909090909,2.31818181818,0.169636363636,2.59090909091,3.22727272727,0.615681818182,0.863636363636,4.81818181818,5.68181818182,8.77272727273,1.72727272727,0.0454545454545,2.90909090909,2.68181818182,10.2727272727,-0.454545454545,33.5340909091,0.318181818182,0.0454545454545,Ricky Rubio
19.9574468085,3.10638297872,8.04255319149,0.33185106383,1.93617021277,5.23404255319,0.316127659574,1.04255319149,1.27659574468,0.329085106383,0.382978723404,1.46808510638,1.85106382979,2.08510638298,0.617021276596,0.063829787234,1.31914893617,1.76595744681,9.1914893617,-1.31914893617,16.3031914894,0.0,0.0,Isaiah Canaan
32.4222222222,4.53333333333,11.3555555556,0.394177777778,1.37777777778,3.91111111111,0.326666666667,1.4,1.73333333333,0.474088888889,0.822222222222,3.4,4.22222222222,3.33333333333,1.15555555556,0.266666666667,1.35555555556,2.86666666667,11.8444444444,-6.06666666667,24.9777777778,0.0,0.0,Langston Galloway
35.1343283582,8.5671641791,17.0746268657,0.504970149254,0.149253731343,0.373134328358,0.0870597014925,4.64179104478,6.37313432836,0.693194029851,1.88059701493,5.70149253731,7.58208955224,5.28358208955,0.940298507463,0.522388059701,2.26865671642,2.92537313433,21.9253731343,8.68656716418,41.5970149254,0.268656716418,0.0,Blake Griffin
19.3066666667,3.10666666667,4.84,0.625546666667,0.0,0.04,0.0,1.04,1.49333333333,0.39988,1.70666666667,2.57333333333,4.28,0.546666666667,0.666666666667,1.25333333333,0.453333333333,1.36,7.25333333333,-0.2,17.0966666667,0.04,0.0,Brandan Wright
23.7948717949,3.34615384615,7.38461538462,0.390282051282,1.16666666667,3.28205128205,0.275333333333,1.11538461538,1.35897435897,0.385743589744,0.641025641026,2.08974358974,2.73076923077,0.871794871795,0.435897435897,0.115384615385,1.0,1.33333333333,8.97435897436,-2.30769230769,14.8814102564,0.0,0.0,Bojan Bogdanovic
26.0263157895,2.80263157895,5.42105263158,0.516697368421,0.0,0.0,0.0,1.72368421053,2.96052631579,0.451355263158,3.21052631579,6.63157894737,9.84210526316,0.947368421053,0.381578947368,0.710526315789,1.25,1.89473684211,7.32894736842,0.289473684211,22.8684210526,0.171052631579,0.0,Omer Asik
25.2,4.6875,11.6,0.38735,1.9,5.5875,0.3185,4.25,4.9375,0.75605,0.3,1.5875,1.8875,2.05,1.1,0.125,1.2625,1.2875,15.525,3.75,23.728125,0.0,0.0,Lou Williams
33.1147540984,4.67213114754,11.3770491803,0.409295081967,2.31147540984,5.16393442623,0.44137704918,1.75409836066,2.18032786885,0.567213114754,0.459016393443,2.14754098361,2.60655737705,3.75409836066,0.819672131148,0.229508196721,2.0,2.37704918033,13.4098360656,1.08196721311,24.5778688525,0.016393442623,0.0,Eric Gordon
33.1212121212,5.80303030303,12.5606060606,0.453439393939,2.0,5.25757575758,0.358727272727,2.10606060606,2.92424242424,0.545636363636,0.969696969697,3.92424242424,4.89393939394,2.43939393939,1.04545454545,0.287878787879,1.45454545455,2.12121212121,15.7121212121,3.0303030303,28.4962121212,0.0454545454545,0.0,Chandler Parsons
21.8225806452,2.77419354839,7.0,0.379241935484,0.693548387097,2.41935483871,0.223661290323,1.61290322581,2.14516129032,0.502822580645,1.04838709677,2.17741935484,3.22580645161,1.16129032258,0.709677419355,1.12903225806,1.6935483871,2.03225806452,7.85483870968,-4.17741935484,16.8306451613,0.0161290322581,0.0,KJ McDaniels
24.8709677419,3.11290322581,7.59677419355,0.390419354839,1.08064516129,3.16129032258,0.322080645161,0.693548387097,1.03225806452,0.281177419355,0.887096774194,2.72580645161,3.61290322581,2.17741935484,1.3064516129,0.258064516129,1.46774193548,2.22580645161,8.0,1.0,18.7661290323,0.0322580645161,0.0,Iman Shumpert
12.275,2.075,4.75,0.331,0.325,1.025,0.152075,0.375,0.625,0.177075,0.425,1.625,2.05,0.55,0.15,0.3,0.6,1.275,4.85,-2.075,9.0,0.0,0.0,Andrew Nicholson
33.109375,5.84375,12.28125,0.477453125,1.203125,3.203125,0.33034375,1.4375,1.71875,0.4428125,2.109375,5.6875,7.796875,0.859375,0.46875,2.421875,1.515625,3.03125,14.328125,2.53125,31.38671875,0.265625,0.0,Serge Ibaka
16.8378378378,1.94594594595,4.37837837838,0.384945945946,0.891891891892,2.09459459459,0.33722972973,1.05405405405,1.54054054054,0.326040540541,0.337837837838,2.13513513514,2.47297297297,0.824324324324,0.432432432432,0.148648648649,0.702702702703,1.55405405405,5.83783783784,0.175675675676,11.4628378378,0.027027027027,0.0,Richard Jefferson
31.9090909091,7.81818181818,16.8701298701,0.463519480519,3.1038961039,7.07792207792,0.440779220779,2.92207792208,3.32467532468,0.70625974026,0.350649350649,2.85714285714,3.20779220779,2.88311688312,1.12987012987,0.779220779221,1.93506493506,1.58441558442,21.6623376623,10.0779220779,34.4188311688,0.012987012987,0.0,Klay Thompson
25.5487804878,3.76829268293,9.18292682927,0.381390243902,1.76829268293,4.75609756098,0.34006097561,0.536585365854,0.682926829268,0.261182926829,0.390243902439,2.36585365854,2.75609756098,1.0487804878,0.646341463415,0.30487804878,0.841463414634,1.65853658537,9.84146341463,0.463414634146,17.2256097561,0.0,0.0,Terrence Ross
25.2469135802,4.08641975309,9.41975308642,0.433271604938,1.38271604938,3.86419753086,0.334469135802,0.876543209877,1.3950617284,0.315333333333,0.901234567901,3.85185185185,4.75308641975,1.64197530864,0.777777777778,0.197530864198,0.901234567901,2.32098765432,10.4320987654,-0.777777777778,21.1203703704,0.0617283950617,0.0,Marcus Morris
31.734375,6.15625,12.84375,0.47578125,1.046875,3.0,0.3274375,3.15625,3.9375,0.788796875,1.328125,5.875,7.203125,2.515625,2.3125,0.75,1.515625,2.0,16.515625,6.875,35.51171875,0.21875,0.0,Kawhi Leonard
26.8311688312,3.0,6.44155844156,0.462506493506,0.961038961039,2.75324675325,0.310935064935,0.883116883117,1.48051948052,0.303688311688,0.571428571429,2.76623376623,3.33766233766,2.96103896104,1.15584415584,0.324675324675,1.14285714286,1.2987012987,7.84415584416,5.71428571429,19.3279220779,0.0,0.0,Andre Iguodala
28.6034482759,4.36206896552,9.91379310345,0.43124137931,1.46551724138,3.87931034483,0.401275862069,1.84482758621,2.53448275862,0.482465517241,0.48275862069,2.15517241379,2.63793103448,2.06896551724,0.689655172414,0.0344827586207,1.41379310345,2.0,12.0344827586,-2.51724137931,19.9094827586,0.0,0.0,Evan Fournier
23.8333333333,2.75,5.875,0.436027777778,1.02777777778,2.66666666667,0.339736111111,0.666666666667,0.930555555556,0.234958333333,0.625,2.43055555556,3.05555555556,1.80555555556,1.0,0.152777777778,0.861111111111,1.56944444444,7.19444444444,1.48611111111,16.1111111111,0.0,0.0,Jared Dudley
30.0789473684,4.86842105263,13.2236842105,0.361407894737,1.63157894737,5.13157894737,0.299302631579,1.43421052632,1.90789473684,0.452697368421,0.407894736842,2.27631578947,2.68421052632,4.31578947368,0.855263157895,0.197368421053,1.63157894737,1.56578947368,12.8026315789,-0.618421052632,24.7960526316,0.0394736842105,0.0,Trey Burke
19.1343283582,1.37313432836,3.0,0.424343283582,0.313432835821,1.26865671642,0.14552238806,0.34328358209,0.716417910448,0.124373134328,0.89552238806,2.91044776119,3.80597014925,1.0447761194,0.791044776119,0.432835820896,0.686567164179,2.10447761194,3.40298507463,1.53731343284,12.0111940299,0.0149253731343,0.0,Andre Roberson
22.0,2.59420289855,5.11594202899,0.484811594203,0.0144927536232,0.0434782608696,0.0144927536232,1.05797101449,1.50724637681,0.370260869565,2.05797101449,4.52173913043,6.57971014493,0.463768115942,0.492753623188,1.52173913043,1.07246376812,3.08695652174,6.26086956522,-0.36231884058,18.8985507246,0.144927536232,0.0,Alex Len
20.6119402985,1.65671641791,4.58208955224,0.346955223881,1.01492537313,2.49253731343,0.30747761194,0.432835820896,0.567164179104,0.205223880597,0.55223880597,1.32835820896,1.88059701493,3.0447761194,0.358208955224,0.0298507462687,0.910447761194,2.26865671642,4.76119402985,0.567164179104,12.552238806,0.0298507462687,0.0,Matthew Dellavedova
30.9855072464,6.13043478261,12.3623188406,0.491391304348,0.0,0.0,0.0,3.65217391304,4.86956521739,0.714463768116,3.31884057971,6.88405797101,10.2028985507,2.05797101449,1.13043478261,0.492753623188,2.15942028986,2.14492753623,15.9130434783,-0.347826086957,34.6811594203,0.507246376812,0.0,Greg Monroe
18.85,2.0,3.45,0.57175,0.0666666666667,0.216666666667,0.0666666666667,1.26666666667,1.9,0.40555,1.26666666667,3.71666666667,4.98333333333,0.716666666667,0.433333333333,1.01666666667,0.666666666667,1.46666666667,5.33333333333,0.05,15.2625,0.0166666666667,0.0,Chris Andersen
23.9512195122,3.14634146341,7.89024390244,0.371487804878,1.01219512195,3.0,0.291719512195,2.17073170732,2.5,0.5375,0.243902439024,1.71951219512,1.96341463415,4.30487804878,0.59756097561,0.0365853658537,1.76829268293,1.13414634146,9.4756097561,-0.829268292683,19.3506097561,0.0487804878049,0.0,D.J. Augustin
30.8243243243,6.51351351351,12.4054054054,0.52472972973,0.0135135135135,0.0810810810811,0.0135135135135,3.0,4.48648648649,0.6175,2.64864864865,5.55405405405,8.2027027027,1.51351351351,0.810810810811,1.66216216216,1.63513513514,2.83783783784,16.0405405405,0.837837837838,33.1655405405,0.310810810811,0.0,Derrick Favors
13.1454545455,1.2,3.94545454545,0.254818181818,0.381818181818,1.87272727273,0.113018181818,0.636363636364,0.854545454545,0.287272727273,0.381818181818,0.781818181818,1.16363636364,0.527272727273,0.709090909091,0.127272727273,0.690909090909,1.29090909091,3.41818181818,-3.12727272727,7.18181818182,0.0,0.0,Gary Harris
14.0441176471,2.66176470588,4.83823529412,0.521955882353,0.0,0.0,0.0,1.19117647059,1.45588235294,0.388970588235,1.52941176471,3.10294117647,4.63235294118,0.691176470588,0.308823529412,0.75,1.01470588235,2.22058823529,6.51470588235,-0.176470588235,15.0625,0.0735294117647,0.0,Alexis Ajinca
21.0853658537,4.14634146341,7.5487804878,0.550536585366,0.0,0.0,0.0,1.86585365854,2.26829268293,0.60337804878,1.78048780488,3.89024390244,5.67073170732,1.37804878049,0.219512195122,0.634146341463,0.926829268293,2.5,10.1585365854,-1.4512195122,20.612804878,0.0365853658537,0.0,Tyler Zeller
29.4418604651,5.93023255814,12.4418604651,0.46323255814,1.60465116279,4.48837209302,0.342186046512,2.62790697674,3.32558139535,0.587162790698,0.581395348837,3.58139534884,4.16279069767,5.11627906977,1.02325581395,0.325581395349,1.60465116279,2.58139534884,16.0930232558,3.74418604651,31.8081395349,0.046511627907,0.0232558139535,George Hill
19.7297297297,2.93243243243,6.55405405405,0.390824324324,0.662162162162,2.10810810811,0.246094594595,1.81081081081,2.64864864865,0.453,0.554054054054,2.17567567568,2.72972972973,0.675675675676,0.459459459459,0.0540540540541,0.756756756757,0.905405405405,8.33783783784,-3.52702702703,13.7635135135,0.0135135135135,0.0,Derrick Williams
21.76,2.96,8.04,0.32554,1.88,5.26,0.36068,0.9,1.1,0.3175,0.18,1.52,1.7,2.38,0.68,0.22,1.2,1.94,8.7,-2.08,16.535,0.0,0.0,Randy Foye
31.4683544304,4.29113924051,9.6835443038,0.432962025316,1.40506329114,4.16455696203,0.29117721519,1.67088607595,2.53164556962,0.469025316456,1.44303797468,6.74683544304,8.18987341772,3.6835443038,1.55696202532,1.25316455696,1.6835443038,3.20253164557,11.6582278481,10.6329113924,33.2816455696,0.227848101266,0.0126582278481,Draymond Green
16.9310344828,2.58620689655,6.08620689655,0.400206896552,0.396551724138,1.46551724138,0.178431034483,1.27586206897,1.62068965517,0.359620689655,0.448275862069,2.34482758621,2.79310344828,1.39655172414,0.827586206897,0.327586206897,1.05172413793,1.20689655172,6.84482758621,-0.5,14.4655172414,0.0344827586207,0.0,Will Barton
21.2307692308,1.90769230769,5.41538461538,0.323753846154,0.753846153846,2.4,0.243384615385,1.75384615385,2.96923076923,0.449876923077,0.753846153846,2.29230769231,3.04615384615,1.21538461538,0.615384615385,1.04615384615,1.30769230769,2.21538461538,6.32307692308,-2.66153846154,15.0,0.0,0.0,Jerami Grant
11.7368421053,1.29824561404,3.52631578947,0.295403508772,1.10526315789,3.0701754386,0.277245614035,0.684210526316,0.80701754386,0.203719298246,0.157894736842,0.929824561404,1.08771929825,0.421052631579,0.228070175439,0.140350877193,0.228070175439,1.17543859649,4.38596491228,-1.94736842105,7.55263157895,0.0,0.0,James Jones
34.1186440678,8.4406779661,18.0677966102,0.470847457627,0.0338983050847,0.135593220339,0.0338983050847,7.16949152542,9.16949152542,0.774338983051,3.13559322034,9.52542372881,12.6610169492,3.5593220339,1.52542372881,1.74576271186,4.30508474576,4.08474576271,24.0847457627,0.949152542373,50.9533898305,0.796610169492,0.0338983050847,DeMarcus Cousins
36.2317073171,6.06097560976,13.8658536585,0.429109756098,0.475609756098,1.53658536585,0.198963414634,4.31707317073,5.68292682927,0.686524390244,1.63414634146,2.92682926829,4.56097560976,2.07317073171,1.0487804878,0.609756097561,2.15853658537,2.31707317073,16.9146341463,-6.74390243902,28.237804878,0.0243902439024,0.0,Andrew Wiggins
8.10344827586,1.06896551724,2.31034482759,0.342275862069,0.103448275862,0.379310344828,0.0431034482759,0.862068965517,1.13793103448,0.241379310345,0.620689655172,1.10344827586,1.72413793103,0.310344827586,0.310344827586,0.206896551724,0.379310344828,1.37931034483,3.10344827586,-0.0344827586207,6.62068965517,0.0,0.0,Dwight Powell
28.52,6.42666666667,12.3733333333,0.511573333333,0.213333333333,0.6,0.12888,2.44,3.12,0.631986666667,3.69333333333,5.25333333333,8.94666666667,0.733333333333,0.48,0.386666666667,1.93333333333,2.52,15.5066666667,-0.466666666667,29.2833333333,0.413333333333,0.0,Enes Kanter
33.7833333333,5.61666666667,12.5333333333,0.445483333333,2.88333333333,7.41666666667,0.372583333333,1.81666666667,2.41666666667,0.572183333333,0.633333333333,3.06666666667,3.7,2.31666666667,1.28333333333,0.166666666667,1.35,2.2,15.9333333333,4.43333333333,27.7,0.0,0.0,Wesley Matthews
32.0263157895,5.93421052632,12.7368421053,0.470894736842,0.5,1.51315789474,0.273236842105,1.72368421053,2.63157894737,0.476815789474,1.67105263158,3.73684210526,5.40789473684,2.27631578947,1.63157894737,0.328947368421,1.53947368421,2.25,14.0921052632,-2.81578947368,27.7269736842,0.0394736842105,0.0,Thaddeus Young
26.3866666667,3.97333333333,6.92,0.568733333333,0.253333333333,0.613333333333,0.179986666667,1.05333333333,1.72,0.33892,2.12,3.96,6.08,1.56,0.586666666667,0.786666666667,1.46666666667,3.0,9.25333333333,0.813333333333,21.4533333333,0.08,0.0,Amir Johnson
33.7466666667,5.50666666667,12.6933333333,0.425386666667,1.92,5.22666666667,0.333266666667,3.44,4.28,0.686013333333,1.89333333333,7.85333333333,9.74666666667,2.24,0.68,0.52,1.62666666667,1.86666666667,16.3733333333,5.30666666667,35.2233333333,0.506666666667,0.0,Kevin Love
25.0,3.15492957746,7.64788732394,0.398957746479,1.61971830986,4.04225352113,0.366408450704,0.887323943662,1.25352112676,0.317676056338,0.746478873239,2.04225352113,2.78873239437,1.19718309859,0.802816901408,0.366197183099,0.929577464789,1.98591549296,8.81690140845,-4.78873239437,16.7816901408,0.0,0.0,Hollis Thompson
8.27272727273,0.333333333333,1.63636363636,0.163636363636,0.0909090909091,0.818181818182,0.0277575757576,0.151515151515,0.333333333333,0.0505151515152,0.121212121212,1.12121212121,1.24242424242,0.363636363636,0.151515151515,0.363636363636,0.333333333333,0.818181818182,0.909090909091,-3.75757575758,3.91666666667,0.0,0.0,Brandon Rush
30.5844155844,3.74025974026,8.35064935065,0.434896103896,1.16883116883,2.90909090909,0.407168831169,1.44155844156,1.67532467532,0.569480519481,0.272727272727,2.03896103896,2.31168831169,1.96103896104,0.974025974026,0.155844155844,1.01298701299,1.67532467532,10.0909090909,1.55844155844,18.2597402597,0.0,0.0,Courtney Lee
10.28,1.2,3.04,0.33632,0.2,0.52,0.14,0.72,1.04,0.26668,1.12,2.32,3.44,0.16,0.16,0.36,0.44,0.8,3.32,-2.6,8.84,0.04,0.0,Noah Vonleh
14.7777777778,2.33333333333,4.81481481481,0.429648148148,0.0,0.037037037037,0.0,1.03703703704,1.96296296296,0.294055555556,1.75925925926,3.85185185185,5.61111111111,0.611111111111,0.592592592593,0.37037037037,1.09259259259,1.92592592593,5.7037037037,0.240740740741,15.125,0.0740740740741,0.0,Thomas Robinson
31.5975609756,4.75609756098,11.8536585366,0.403134146341,1.86585365854,5.41463414634,0.325134146341,1.34146341463,1.92682926829,0.457475609756,0.560975609756,2.5487804878,3.10975609756,1.32926829268,1.13414634146,0.219512195122,1.14634146341,1.96341463415,12.7195121951,0.853658536585,21.6676829268,0.0,0.0,Kentavious Caldwell-Pope
23.8333333333,5.0625,8.0625,0.590229166667,0.0,0.0,0.0,1.625,3.25,0.371229166667,3.02083333333,7.02083333333,10.0416666667,0.125,0.5625,2.5625,1.20833333333,2.6875,11.75,-1.22916666667,30.8854166667,0.458333333333,0.0208333333333,Hassan Whiteside
24.0847457627,3.86440677966,9.62711864407,0.36093220339,1.81355932203,5.10169491525,0.322338983051,2.89830508475,3.23728813559,0.717101694915,0.525423728814,3.16949152542,3.69491525424,1.40677966102,0.796610169492,0.338983050847,0.966101694915,1.59322033898,12.4406779661,0.305084745763,21.8644067797,0.0,0.0,Danilo Gallinari
32.6625,8.1625,16.7625,0.4834625,3.575,8.075,0.4353375,3.85,4.2125,0.813225,0.7,3.5625,4.2625,7.7375,2.0375,0.2,3.1125,1.975,23.75,11.4625,45.821875,0.2875,0.0,Stephen Curry
16.3698630137,1.86301369863,3.47945205479,0.495260273973,0.0,0.0,0.0,0.301369863014,0.630136986301,0.107301369863,1.53424657534,2.84931506849,4.38356164384,0.465753424658,0.561643835616,0.904109589041,0.698630136986,1.52054794521,4.02739726027,0.0,12.8082191781,0.013698630137,0.0,Miles Plumlee
25.7611940299,5.0,11.8805970149,0.409014925373,1.92537313433,5.16417910448,0.356119402985,4.50746268657,5.19402985075,0.798970149254,0.492537313433,1.79104477612,2.28358208955,4.23880597015,0.850746268657,0.0746268656716,2.13432835821,2.23880597015,16.4328358209,2.64179104478,27.3917910448,0.0,0.0,Isaiah Thomas
22.25,3.921875,8.25,0.416890625,0.953125,2.734375,0.260375,1.453125,2.125,0.47434375,1.4375,3.296875,4.734375,1.703125,1.0,0.609375,1.53125,3.328125,10.25,3.5625,21.72265625,0.046875,0.0,Kelly Olynyk
25.2985074627,4.58208955224,8.97014925373,0.506417910448,0.0149253731343,0.0746268656716,0.0149253731343,1.82089552239,3.01492537313,0.46676119403,1.25373134328,3.89552238806,5.14925373134,1.83582089552,0.985074626866,0.328358208955,1.85074626866,2.68656716418,11.0,2.46268656716,21.9440298507,0.0298507462687,0.0,Nene
17.7662337662,2.92207792208,6.96103896104,0.406324675325,0.701298701299,2.16883116883,0.242974025974,0.987012987013,1.22077922078,0.412337662338,0.298701298701,1.44155844156,1.74025974026,3.41558441558,0.428571428571,0.012987012987,0.909090909091,1.35064935065,7.53246753247,1.58441558442,15.6103896104,0.0,0.0,J.J. Barea
9.38888888889,0.666666666667,1.94444444444,0.309361111111,0.416666666667,1.27777777778,0.165277777778,0.166666666667,0.25,0.0972222222222,0.0277777777778,1.36111111111,1.38888888889,0.222222222222,0.277777777778,0.111111111111,0.222222222222,0.527777777778,1.91666666667,-0.111111111111,4.86111111111,0.0,0.0,Reggie Bullock
31.7857142857,5.61428571429,12.6,0.445928571429,1.52857142857,3.95714285714,0.3829,3.05714285714,3.55714285714,0.681557142857,0.414285714286,2.57142857143,2.98571428571,5.35714285714,1.27142857143,0.2,2.22857142857,1.98571428571,15.8142857143,3.05714285714,30.3035714286,0.0857142857143,0.0,Mike Conley
15.0208333333,2.91666666667,7.1875,0.3601875,1.125,2.97916666667,0.281270833333,0.958333333333,1.16666666667,0.431708333333,0.479166666667,1.3125,1.79166666667,0.75,0.5625,0.145833333333,0.5625,0.791666666667,7.91666666667,-0.0833333333333,12.9791666667,0.0,0.0,Marcus Thornton
28.8545454545,4.07272727273,8.76363636364,0.4654,0.0,0.0,0.0,2.72727272727,3.89090909091,0.649090909091,1.98181818182,5.58181818182,7.56363636364,1.4,0.545454545455,0.690909090909,1.14545454545,2.09090909091,10.8727272727,1.32727272727,24.6545454545,0.218181818182,0.0,Michael Kidd-Gilchrist
33.725,7.525,16.925,0.431425,1.0125,3.55,0.2295625,2.85,3.7875,0.6737625,0.425,1.95,2.375,4.1125,1.85,0.3125,2.475,2.4625,18.9125,2.6625,31.7,0.0375,0.0,Monta Ellis
15.1454545455,2.12727272727,5.30909090909,0.341145454545,0.727272727273,2.30909090909,0.207090909091,0.454545454545,0.563636363636,0.227272727273,0.145454545455,1.29090909091,1.43636363636,2.81818181818,0.545454545455,0.0363636363636,0.890909090909,0.581818181818,5.43636363636,0.8,12.5681818182,0.0181818181818,0.0,Shelvin Mack
30.0410958904,3.54794520548,7.01369863014,0.498904109589,0.013698630137,0.0821917808219,0.013698630137,2.61643835616,3.34246575342,0.658109589041,3.05479452055,5.28767123288,8.34246575342,2.0,0.972602739726,1.72602739726,1.72602739726,2.57534246575,9.72602739726,-5.24657534247,28.0650684932,0.246575342466,0.0,Gorgui Dieng
18.8333333333,2.53846153846,5.07692307692,0.48241025641,0.0,0.025641025641,0.0,0.833333333333,1.16666666667,0.303628205128,0.551282051282,1.79487179487,2.34615384615,3.32051282051,0.628205128205,0.25641025641,1.30769230769,1.41025641026,5.91025641026,0.679487179487,14.9583333333,0.0128205128205,0.0,Shaun Livingston
29.52,5.16,10.52,0.48812,0.16,0.64,0.08664,1.84,2.64,0.47784,2.0,3.52,5.52,1.68,1.24,0.2,1.88,1.68,12.32,-4.56,23.88,0.08,0.0,Jabari Parker
12.575,2.075,3.775,0.496925,0.225,0.55,0.1625,0.55,0.625,0.266675,1.3,1.675,2.975,0.625,0.4,0.475,0.525,1.3,4.925,1.35,11.21875,0.025,0.0,Mike Muscala
25.2839506173,3.87654320988,6.98765432099,0.548901234568,0.0246913580247,0.0740740740741,0.0246913580247,1.91358024691,2.66666666667,0.587333333333,2.50617283951,4.79012345679,7.2962962963,0.679012345679,0.407407407407,1.1975308642,1.43209876543,2.8024691358,9.69135802469,3.20987654321,22.6697530864,0.222222222222,0.0,Timofey Mozgov
22.2698412698,3.25396825397,8.0,0.371047619048,1.4126984127,4.09523809524,0.294587301587,0.380952380952,0.571428571429,0.179904761905,0.52380952381,1.79365079365,2.31746031746,4.01587301587,0.746031746032,0.0952380952381,1.73015873016,2.15873015873,8.30158730159,-0.206349206349,18.746031746,0.0,0.0,Jameer Nelson
32.4366197183,6.39436619718,13.1267605634,0.488915492958,0.0985915492958,0.281690140845,0.0915492957746,3.21126760563,4.19718309859,0.677422535211,3.16901408451,7.35211267606,10.5211267606,2.15492957746,0.971830985915,0.197183098592,2.19718309859,2.46478873239,16.0985915493,4.85915492958,34.573943662,0.535211267606,0.0,Zach Randolph
19.375,1.578125,2.90625,0.455875,0.0,0.0,0.0,1.59375,2.734375,0.413765625,2.484375,3.875,6.359375,0.25,0.28125,1.546875,0.8125,2.1875,4.75,-0.515625,16.46484375,0.09375,0.0,Bismack Biyombo
18.8684210526,2.11842105263,5.17105263158,0.377394736842,1.39473684211,3.81578947368,0.335763157895,0.710526315789,0.907894736842,0.265131578947,0.671052631579,2.43421052632,3.10526315789,0.776315789474,0.315789473684,0.210526315789,0.671052631579,1.80263157895,6.34210526316,1.38157894737,12.8223684211,0.0131578947368,0.0,Anthony Tolliver
8.86111111111,1.19444444444,2.97222222222,0.220666666667,0.361111111111,1.13888888889,0.170833333333,0.277777777778,0.416666666667,0.138888888889,0.166666666667,1.02777777778,1.19444444444,0.166666666667,0.111111111111,0.0277777777778,0.472222222222,0.805555555556,3.02777777778,-2.27777777778,4.99305555556,0.0,0.0,Doug McDermott
16.7272727273,1.60606060606,3.83333333333,0.381424242424,0.242424242424,0.909090909091,0.113121212121,0.681818181818,0.984848484848,0.327015151515,1.36363636364,2.42424242424,3.78787878788,1.36363636364,0.530303030303,0.378787878788,0.681818181818,2.36363636364,4.13636363636,1.27272727273,12.5151515152,0.0,0.0,Nick Collison
14.3728813559,1.54237288136,2.74576271186,0.514050847458,0.0,0.0169491525424,0.0,0.576271186441,1.08474576271,0.258474576271,2.0,3.0,5.0,0.152542372881,0.271186440678,0.847457627119,0.864406779661,2.38983050847,3.66101694915,-0.389830508475,11.9957627119,0.0338983050847,0.0,Dewayne Dedmon
23.15625,2.84375,6.875,0.394375,0.03125,0.28125,0.015625,0.9375,1.4375,0.29428125,1.5,3.5625,5.0625,0.9375,0.59375,0.28125,1.375,2.75,6.65625,-7.625,15.609375,0.09375,0.0,Adreian Payne
24.4324324324,3.85135135135,8.31081081081,0.470337837838,1.90540540541,4.39189189189,0.43272972973,1.06756756757,1.2027027027,0.379810810811,0.540540540541,2.09459459459,2.63513513514,0.810810810811,0.72972972973,0.148648648649,0.513513513514,1.82432432432,10.6756756757,3.05405405405,17.6790540541,0.027027027027,0.0,Anthony Morrow
35.4705882353,7.47058823529,16.4117647059,0.457044117647,1.16176470588,3.23529411765,0.347058823529,4.95588235294,5.77941176471,0.805102941176,1.44117647059,4.42647058824,5.86764705882,3.67647058824,1.04411764706,0.602941176471,2.69117647059,2.30882352941,21.0588235294,-1.58823529412,36.4816176471,0.0294117647059,0.0,Rudy Gay
24.5308641975,3.59259259259,7.8024691358,0.454962962963,0.666666666667,2.08641975309,0.259641975309,0.888888888889,1.14814814815,0.345567901235,0.962962962963,3.33333333333,4.2962962963,2.87654320988,0.444444444444,0.283950617284,1.55555555556,1.82716049383,8.74074074074,3.59259259259,19.4567901235,0.0123456790123,0.0,Boris Diaw
26.6666666667,2.96296296296,6.6049382716,0.43724691358,1.2962962963,3.49382716049,0.343407407407,0.777777777778,0.987654320988,0.283543209877,1.56790123457,3.77777777778,5.34567901235,1.91358024691,0.740740740741,0.543209876543,0.666666666667,1.83950617284,8.0,3.12345679012,20.4907407407,0.037037037037,0.0,Patrick Patterson
26.225,4.6625,8.15,0.5619875,0.0,0.0125,0.0,2.7125,3.45,0.6507125,2.6875,5.975,8.6625,0.4875,0.4125,1.1875,1.3625,2.775,12.0375,-0.3125,26.528125,0.275,0.0,Jonas Valanciunas
30.858974359,5.73076923077,12.0256410256,0.466730769231,2.5641025641,5.87179487179,0.429025641026,2.34615384615,2.60256410256,0.642782051282,0.282051282051,1.85897435897,2.14102564103,1.75641025641,0.5,0.102564102564,1.21794871795,1.71794871795,16.3717948718,8.0,23.5608974359,0.0,0.0,JJ Redick
28.256097561,3.85365853659,8.0,0.477292682927,1.06097560976,2.62195121951,0.404865853659,1.31707317073,1.82926829268,0.432524390244,1.42682926829,4.09756097561,5.5243902439,1.41463414634,0.743902439024,0.231707317073,0.865853658537,1.78048780488,10.0853658537,6.48780487805,21.2713414634,0.0731707317073,0.0,Harrison Barnes
25.0,2.34848484848,5.13636363636,0.444015151515,0.0151515151515,0.151515151515,0.0151515151515,0.439393939394,0.712121212121,0.169196969697,1.06060606061,2.81818181818,3.87878787879,0.757575757576,0.69696969697,0.560606060606,0.530303030303,1.5303030303,5.15151515152,-0.333333333333,13.4166666667,0.0151515151515,0.0,Dante Cunningham
20.4814814815,3.7037037037,7.92592592593,0.442679012346,0.0617283950617,0.246913580247,0.0534938271605,1.95061728395,2.79012345679,0.530827160494,1.7037037037,4.79012345679,6.49382716049,1.2962962963,0.58024691358,0.222222222222,1.16049382716,2.37037037037,9.41975308642,0.456790123457,20.7037037037,0.111111111111,0.0,Luis Scola
34.8088235294,6.5,13.9558823529,0.462926470588,1.27941176471,3.51470588235,0.346470588235,2.83823529412,3.60294117647,0.69925,1.07352941176,5.25,6.32352941176,1.82352941176,1.01470588235,0.529411764706,1.69117647059,1.97058823529,17.1176470588,-4.32352941176,30.8823529412,0.161764705882,0.0,Tobias Harris
29.6753246753,6.32467532468,13.7922077922,0.468272727273,1.35064935065,3.55844155844,0.36038961039,3.31168831169,3.75324675325,0.750363636364,0.571428571429,5.36363636364,5.93506493506,1.85714285714,0.506493506494,0.428571428571,1.06493506494,2.07792207792,17.3116883117,3.07792207792,29.6461038961,0.0779220779221,0.0,Dirk Nowitzki
17.2926829268,2.07317073171,4.34146341463,0.416829268293,0.243902439024,0.756097560976,0.140243902439,0.951219512195,1.14634146341,0.300804878049,1.39024390244,1.87804878049,3.26829268293,0.878048780488,0.658536585366,0.731707317073,0.634146341463,1.70731707317,5.34146341463,-4.26829268293,13.4024390244,0.0487804878049,0.0,Justin Hamilton
24.0428571429,3.98571428571,10.2428571429,0.378071428571,1.72857142857,5.05714285714,0.304157142857,1.78571428571,2.22857142857,0.594,0.171428571429,2.05714285714,2.22857142857,1.81428571429,0.285714285714,0.2,1.17142857143,1.7,11.4857142857,-5.04285714286,18.2428571429,0.0,0.0,Tim Hardaway Jr.
19.6111111111,2.20833333333,5.15277777778,0.332027777778,1.01388888889,2.73611111111,0.239972222222,0.611111111111,0.763888888889,0.249027777778,0.430555555556,2.01388888889,2.44444444444,0.861111111111,0.444444444444,0.152777777778,0.666666666667,1.19444444444,6.04166666667,0.736111111111,11.7777777778,0.0138888888889,0.0,Tony Snell
32.7260273973,6.06849315068,12.7397260274,0.471808219178,1.05479452055,2.95890410959,0.295232876712,3.49315068493,4.61643835616,0.697931506849,1.90410958904,5.90410958904,7.80821917808,3.05479452055,1.78082191781,0.945205479452,2.27397260274,2.75342465753,16.6849315068,5.58904109589,36.1780821918,0.205479452055,0.0,Paul Millsap
23.9677419355,2.77419354839,6.01612903226,0.422806451613,0.0161290322581,0.0161290322581,0.0161290322581,2.04838709677,2.64516129032,0.593403225806,1.56451612903,4.27419354839,5.83870967742,1.61290322581,0.548387096774,0.790322580645,1.0,2.51612903226,7.61290322581,0.258064516129,19.564516129,0.0322580645161,0.0,Cody Zeller
32.6097560976,4.42682926829,10.1341463415,0.423902439024,1.70731707317,4.76829268293,0.357170731707,1.58536585366,1.9512195122,0.463987804878,0.378048780488,2.56097560976,2.93902439024,1.70731707317,0.939024390244,0.231707317073,1.68292682927,2.67073170732,12.1463414634,-0.426829268293,20.7347560976,0.0,0.0,Ben McLemore
18.7692307692,2.0,4.78846153846,0.374615384615,0.480769230769,1.5,0.253192307692,0.865384615385,1.11538461538,0.334942307692,1.01923076923,3.26923076923,4.28846153846,1.44230769231,1.01923076923,0.403846153846,0.730769230769,1.28846153846,5.34615384615,3.32692307692,15.6201923077,0.0192307692308,0.0,Thabo Sefolosha
33.5211267606,3.38028169014,8.45070422535,0.380309859155,1.40845070423,4.35211267606,0.294295774648,1.18309859155,1.38028169014,0.44014084507,0.87323943662,4.98591549296,5.85915492958,4.80281690141,1.0985915493,0.56338028169,1.85915492958,1.49295774648,9.35211267606,3.11267605634,27.0845070423,0.0704225352113,0.0,Nicolas Batum
14.9777777778,1.4,3.51111111111,0.329533333333,0.222222222222,1.24444444444,0.0681333333333,0.488888888889,0.911111111111,0.183333333333,0.844444444444,1.51111111111,2.35555555556,0.555555555556,0.711111111111,0.2,0.6,1.46666666667,3.51111111111,-1.95555555556,8.92222222222,0.0,0.0,Maurice Harkless
27.5625,4.6875,11.825,0.3758,0.9125,3.075,0.2496125,1.4625,2.15,0.4988625,0.5125,1.8875,2.4,2.0375,1.125,0.2625,1.4125,1.9375,11.75,0.7125,20.35,0.0125,0.0,Dion Waiters
30.6307692308,7.47692307692,15.5384615385,0.469030769231,0.0307692307692,0.0769230769231,0.0307692307692,1.66153846154,2.53846153846,0.471861538462,1.52307692308,6.90769230769,8.43076923077,1.73846153846,0.723076923077,1.29230769231,1.04615384615,2.13846153846,16.6461538462,-1.78461538462,33.8230769231,0.338461538462,0.0,Al Jefferson
24.8933333333,2.54666666667,6.49333333333,0.3766,1.81333333333,4.61333333333,0.349573333333,0.413333333333,0.466666666667,0.208893333333,0.36,3.54666666667,3.90666666667,1.25333333333,0.626666666667,0.52,1.04,2.54666666667,7.32,-3.29333333333,16.8033333333,0.0266666666667,0.0,Channing Frye
33.2592592593,4.48148148148,11.1111111111,0.407185185185,0.962962962963,2.51851851852,0.347518518519,3.92592592593,4.77777777778,0.80237037037,0.703703703704,3.51851851852,4.22222222222,3.03703703704,0.62962962963,0.185185185185,1.92592592593,2.37037037037,13.8518518519,-4.77777777778,24.9444444444,0.0740740740741,0.0,Alec Burks
12.2777777778,1.61111111111,3.44444444444,0.385833333333,0.240740740741,0.648148148148,0.169740740741,1.0,1.42592592593,0.348777777778,0.685185185185,1.05555555556,1.74074074074,0.462962962963,0.648148148148,0.12962962963,0.611111111111,1.07407407407,4.46296296296,-1.85185185185,8.7037037037,0.0,0.0,Alonzo Gee
18.3880597015,2.92537313433,5.16417910448,0.526119402985,0.0,0.0,0.0,1.16417910448,2.0447761194,0.383208955224,1.85074626866,2.80597014925,4.65671641791,0.880597014925,0.417910447761,2.01492537313,1.29850746269,2.26865671642,7.01492537313,-1.13432835821,18.4179104478,0.0298507462687,0.0,John Henson
28.7323943662,4.97183098592,9.85915492958,0.475323943662,0.69014084507,1.87323943662,0.277464788732,1.40845070423,2.33802816901,0.45114084507,1.92957746479,4.0,5.92957746479,1.83098591549,0.788732394366,0.478873239437,1.7323943662,2.85915492958,12.0422535211,1.42253521127,24.3626760563,0.0985915492958,0.0,Donatas Motiejunas
21.7682926829,3.13414634146,7.21951219512,0.413463414634,0.182926829268,0.512195121951,0.094512195122,1.5487804878,1.86585365854,0.491268292683,1.19512195122,2.75609756098,3.9512195122,1.70731707317,0.390243902439,0.536585365854,1.26829268293,2.5,8.0,-5.17073170732,16.8658536585,0.0365853658537,0.0,Jason Smith
29.8536585366,6.12195121951,10.3170731707,0.606926829268,0.0243902439024,0.0487804878049,0.0243902439024,3.48780487805,6.60975609756,0.496243902439,2.68292682927,7.82926829268,10.512195122,1.21951219512,0.682926829268,1.29268292683,2.80487804878,3.34146341463,15.756097561,5.26829268293,34.1280487805,0.560975609756,0.0,Dwight Howard
19.4189189189,2.37837837838,5.28378378378,0.398554054054,0.472972972973,1.40540540541,0.214175675676,0.783783783784,1.06756756757,0.297135135135,0.945945945946,2.04054054054,2.98648648649,0.878378378378,0.594594594595,0.405405405405,0.702702702703,1.31081081081,6.01351351351,-0.486486486486,12.9493243243,0.0,0.0,Otto Porter Jr.
23.6268656716,2.98507462687,5.29850746269,0.580358208955,0.0,0.0,0.0,0.328358208955,0.626865671642,0.165671641791,2.10447761194,6.0,8.10447761194,2.68656716418,0.582089552239,1.68656716418,1.58208955224,2.80597014925,6.29850746269,8.01492537313,24.3395522388,0.089552238806,0.0,Andrew Bogut
25.8108108108,3.74324324324,8.83783783784,0.395581081081,0.878378378378,2.37837837838,0.323675675676,2.87837837838,3.62162162162,0.652621621622,0.351351351351,2.2972972973,2.64864864865,4.58108108108,1.10810810811,0.432432432432,2.24324324324,2.55405405405,11.2432432432,-3.41891891892,23.8851351351,0.0405405405405,0.0,Jeremy Lin
26.3285714286,4.7,11.8142857143,0.3748,2.2,6.37142857143,0.317157142857,1.85714285714,2.3,0.619042857143,0.257142857143,2.8,3.05714285714,1.07142857143,0.857142857143,0.371428571429,1.04285714286,1.88571428571,13.4571428571,2.3,21.9428571429,0.0142857142857,0.0,CJ Miles
34.3717948718,7.30769230769,14.7820512821,0.492051282051,0.153846153846,0.333333333333,0.153846153846,3.76923076923,4.69230769231,0.769564102564,2.82051282051,8.96153846154,11.7820512821,2.69230769231,0.320512820513,1.88461538462,2.02564102564,1.88461538462,18.5384615385,2.46153846154,41.8173076923,0.692307692308,0.0,Pau Gasol
24.3833333333,3.7,8.9,0.415433333333,1.23333333333,3.53333333333,0.30925,2.41666666667,2.66666666667,0.645983333333,0.2,1.53333333333,1.73333333333,1.31666666667,0.983333333333,0.1,0.95,1.26666666667,11.05,-1.58333333333,17.5,0.0,0.0,Jodie Meeks
29.0375,4.625,10.5875,0.4406,0.5625,1.7,0.2427,2.3,2.7125,0.5744,0.45,2.9625,3.4125,2.575,0.6375,0.275,1.375,1.6875,12.1125,-0.4,21.696875,0.025,0.0,Gerald Henderson
27.0344827586,5.36206896552,12.2068965517,0.408706896552,0.896551724138,3.1724137931,0.222344827586,1.65517241379,2.22413793103,0.449862068966,2.53448275862,5.06896551724,7.60344827586,2.31034482759,0.758620689655,0.724137931034,1.34482758621,2.63793103448,13.275862069,-0.396551724138,29.2974137931,0.206896551724,0.0,Jared Sullinger
7.54285714286,0.742857142857,1.91428571429,0.2392,0.142857142857,0.542857142857,0.0714285714286,0.457142857143,0.685714285714,0.171428571429,0.428571428571,0.685714285714,1.11428571429,0.314285714286,0.171428571429,0.0285714285714,0.314285714286,0.428571428571,2.08571428571,0.771428571429,4.26428571429,0.0,0.0,Glenn Robinson III
23.698630137,3.28767123288,7.24657534247,0.446671232877,0.0,0.041095890411,0.0,1.72602739726,2.19178082192,0.563575342466,2.69863013699,4.15068493151,6.84931506849,2.43835616438,1.09589041096,0.287671232877,1.82191780822,2.32876712329,8.30136986301,3.57534246575,22.6849315068,0.205479452055,0.0,Zaza Pachulia
32.5757575758,5.51515151515,13.9242424242,0.391227272727,0.545454545455,2.31818181818,0.189787878788,3.06060606061,4.40909090909,0.638106060606,0.969696969697,4.37878787879,5.34848484848,6.69696969697,1.68181818182,0.454545454545,3.83333333333,2.5303030303,14.6363636364,-2.5,34.3825757576,0.166666666667,0.0454545454545,Michael Carter-Williams
33.1975308642,6.54320987654,13.2345679012,0.482987654321,0.037037037037,0.20987654321,0.037037037037,4.32098765432,5.43209876543,0.743148148148,1.41975308642,6.35802469136,7.77777777778,3.79012345679,0.864197530864,1.61728395062,2.17283950617,2.56790123457,17.4444444444,2.79012345679,37.1172839506,0.246913580247,0.0,Marc Gasol
29.2222222222,7.02777777778,13.7083333333,0.498055555556,0.0138888888889,0.138888888889,0.00694444444444,3.09722222222,3.80555555556,0.692388888889,2.97222222222,4.45833333333,7.43055555556,0.694444444444,0.597222222222,1.75,1.44444444444,2.86111111111,17.1666666667,-1.44444444444,31.8298611111,0.236111111111,0.0,Brook Lopez
4.0,0.333333333333,1.33333333333,0.25,0.0,0.0,0.0,0.333333333333,0.666666666667,0.166666666667,0.333333333333,1.5,1.83333333333,0.166666666667,0.333333333333,0.0,0.333333333333,1.0,1.0,-1.83333333333,4.04166666667,0.0,0.0,Lucas Nogueira
35.9620253165,6.56962025316,14.7594936709,0.448113924051,0.822784810127,2.74683544304,0.247227848101,3.59493670886,4.58227848101,0.664632911392,0.455696202532,4.17721518987,4.63291139241,10.0253164557,1.74683544304,0.569620253165,3.84810126582,2.27848101266,17.5569620253,3.54430379747,42.2658227848,0.506329113924,0.0,John Wall
6.94594594595,0.864864864865,1.72972972973,0.290648648649,0.0,0.0,0.0,0.918918918919,1.35135135135,0.301351351351,0.621621621622,1.10810810811,1.72972972973,0.297297297297,0.108108108108,0.486486486486,0.324324324324,0.702702702703,2.64864864865,-1.13513513514,6.28378378378,0.0,0.0,Jeff Withey
16.0857142857,2.64285714286,4.67142857143,0.517742857143,0.0142857142857,0.0571428571429,0.0142857142857,1.28571428571,1.48571428571,0.355,1.55714285714,2.98571428571,4.54285714286,0.5,0.228571428571,0.314285714286,0.928571428571,2.31428571429,6.58571428571,1.94285714286,13.75,0.0714285714286,0.0,Aron Baynes
38.6923076923,6.47692307692,14.0307692308,0.459661538462,1.12307692308,2.96923076923,0.328323076923,5.93846153846,7.12307692308,0.841276923077,1.75384615385,4.07692307692,5.83076923077,3.26153846154,1.75384615385,0.553846153846,1.43076923077,1.66153846154,20.0153846154,3.66153846154,36.75,0.0615384615385,0.0,Jimmy Butler
34.5555555556,5.77777777778,12.9135802469,0.452666666667,1.08641975309,3.35802469136,0.328851851852,4.35802469136,5.44444444444,0.771975308642,0.888888888889,4.33333333333,5.22222222222,6.08641975309,1.56790123457,0.555555555556,3.38271604938,2.33333333333,17.0,0.432098765432,36.0709876543,0.16049382716,0.0246913580247,Eric Bledsoe
13.1111111111,1.92063492063,4.33333333333,0.382555555556,0.111111111111,0.460317460317,0.0740793650794,0.587301587302,0.936507936508,0.234126984127,0.793650793651,2.49206349206,3.28571428571,0.730158730159,0.269841269841,0.142857142857,0.555555555556,1.36507936508,4.53968253968,-0.444444444444,10.369047619,0.015873015873,0.0,Jon Leuer
14.1153846154,1.30769230769,3.26923076923,0.236653846154,0.634615384615,1.69230769231,0.19825,0.673076923077,0.923076923077,0.255769230769,0.461538461538,1.26923076923,1.73076923077,1.07692307692,0.807692307692,0.173076923077,0.653846153846,1.46153846154,3.92307692308,-0.942307692308,9.65384615385,0.0,0.0,Garrett Temple
24.9830508475,4.52542372881,10.1016949153,0.416576271186,0.64406779661,2.05084745763,0.241661016949,2.22033898305,2.67796610169,0.613372881356,0.949152542373,2.28813559322,3.23728813559,3.49152542373,0.864406779661,0.203389830508,1.62711864407,1.84745762712,11.9152542373,-4.08474576271,22.8940677966,0.0338983050847,0.0,Jordan Clarkson
18.9682539683,2.49206349206,4.33333333333,0.529380952381,0.0,0.015873015873,0.0,1.03174603175,1.87301587302,0.30919047619,2.25396825397,3.5873015873,5.84126984127,0.666666666667,0.301587301587,0.380952380952,0.761904761905,2.50793650794,6.01587301587,-1.25396825397,15.4206349206,0.0793650793651,0.0,Tarik Black
29.5263157895,3.76315789474,9.09210526316,0.416092105263,1.19736842105,3.40789473684,0.324828947368,1.18421052632,1.47368421053,0.440578947368,0.881578947368,3.31578947368,4.19736842105,1.63157894737,0.776315789474,0.592105263158,1.14473684211,2.13157894737,9.90789473684,-4.06578947368,20.4243421053,0.0394736842105,0.0,Wesley Johnson
28.7272727273,4.89393939394,10.3939393939,0.475303030303,0.0606060606061,0.30303030303,0.0505,1.80303030303,2.43939393939,0.504757575758,1.63636363636,5.16666666667,6.80303030303,3.37878787879,0.727272727273,0.727272727273,1.81818181818,2.42424242424,11.6515151515,-0.287878787879,27.4128787879,0.106060606061,0.0,David West
10.7741935484,1.16129032258,3.29032258065,0.299387096774,0.548387096774,2.12903225806,0.199451612903,0.516129032258,0.935483870968,0.166129032258,0.290322580645,1.06451612903,1.35483870968,0.41935483871,0.258064516129,0.0645161290323,0.161290322581,0.709677419355,3.38709677419,0.161290322581,6.54838709677,0.0,0.0,James Young
19.7721518987,2.86075949367,5.87341772152,0.459088607595,0.367088607595,1.06329113924,0.170886075949,1.08860759494,1.87341772152,0.32382278481,1.75949367089,3.26582278481,5.0253164557,1.05063291139,0.544303797468,0.518987341772,1.11392405063,1.82278481013,7.17721518987,0.405063291139,16.8449367089,0.0379746835443,0.0,Trevor Booker
34.1012658228,6.59493670886,14.746835443,0.442316455696,0.873417721519,2.87341772152,0.276227848101,2.55696202532,3.6835443038,0.572037974684,1.03797468354,4.22784810127,5.26582278481,6.59493670886,1.26582278481,0.46835443038,3.11392405063,2.50632911392,16.6202531646,2.06329113924,35.8227848101,0.227848101266,0.0126582278481,Tyreke Evans
16.9206349206,2.2380952381,4.74603174603,0.434634920635,0.0,0.0,0.0,0.52380952381,0.746031746032,0.218253968254,1.95238095238,3.1746031746,5.12698412698,1.15873015873,0.238095238095,0.666666666667,0.634920634921,1.61904761905,5.0,1.36507936508,14.7341269841,0.0634920634921,0.0,Lavoy Allen
31.5256410256,5.33333333333,12.3974358974,0.429602564103,1.24358974359,3.74358974359,0.300423076923,3.0641025641,3.67948717949,0.724435897436,0.820512820513,3.38461538462,4.20512820513,1.71794871795,0.679487179487,0.435897435897,1.38461538462,1.88461538462,14.9743589744,-1.73076923077,24.9871794872,0.0128205128205,0.0,Jeff Green
26.1428571429,3.57142857143,7.22222222222,0.493476190476,0.15873015873,0.460317460317,0.142857142857,1.25396825397,2.0,0.438952380952,1.63492063492,2.80952380952,4.44444444444,1.36507936508,2.04761904762,0.47619047619,1.36507936508,2.63492063492,8.55555555556,3.92063492063,20.6507936508,0.031746031746,0.0,Tony Allen
36.7777777778,7.98765432099,18.1481481481,0.439061728395,2.56790123457,6.85185185185,0.361604938272,8.82716049383,10.1728395062,0.85287654321,0.925925925926,4.74074074074,5.66666666667,6.97530864198,1.9012345679,0.740740740741,3.96296296296,2.56790123457,27.3703703704,4.12345679012,50.0401234568,0.259259259259,0.0493827160494,James Harden
11.1304347826,1.82608695652,3.4347826087,0.477173913043,0.0,0.0,0.0,0.95652173913,1.4347826087,0.333347826087,0.782608695652,1.86956521739,2.65217391304,0.130434782609,0.0869565217391,0.869565217391,0.782608695652,1.30434782609,4.60869565217,-3.04347826087,9.64130434783,0.0,0.0,JaVale McGee
35.7073170732,7.19512195122,16.5853658537,0.435365853659,2.39024390244,6.9756097561,0.328280487805,4.19512195122,4.85365853659,0.797195121951,0.59756097561,4.01219512195,4.60975609756,6.18292682927,1.18292682927,0.256097560976,2.70731707317,2.0,20.9756097561,3.71951219512,38.8414634146,0.0731707317073,0.0,Damian Lillard
26.1,4.2875,10.0625,0.417625,0.7875,2.9375,0.2391,2.1,2.825,0.497575,1.0,2.7125,3.7125,2.1625,1.425,0.2375,1.6375,2.1625,11.4625,-0.375,22.303125,0.0375,0.0,Corey Brewer
15.6455696203,2.92405063291,5.69620253165,0.502848101266,0.0,0.0253164556962,0.0,0.73417721519,1.03797468354,0.318569620253,1.10126582278,2.54430379747,3.64556962025,0.746835443038,0.126582278481,0.746835443038,1.24050632911,2.49367088608,6.58227848101,-2.03797468354,13.4050632911,0.0126582278481,0.0,Kevin Seraphin
16.5441176471,2.95588235294,6.66176470588,0.452602941176,0.970588235294,2.82352941176,0.318352941176,0.897058823529,1.13235294118,0.35,0.661764705882,2.26470588235,2.92647058824,1.10294117647,0.367647058824,0.0441176470588,0.573529411765,1.22058823529,7.77941176471,0.323529411765,14.1139705882,0.0,0.0,Mike Scott
31.3827160494,4.72839506173,9.62962962963,0.491814814815,0.0864197530864,0.543209876543,0.0596666666667,3.17283950617,4.28395061728,0.670296296296,1.23456790123,5.45679012346,6.69135802469,2.55555555556,0.901234567901,1.04938271605,2.13580246914,3.13580246914,12.7160493827,0.0987654320988,27.975308642,0.123456790123,0.0,Giannis Antetokounmpo
4.80952380952,0.761904761905,1.80952380952,0.257904761905,0.333333333333,0.904761904762,0.207952380952,0.0952380952381,0.0952380952381,0.0952380952381,0.047619047619,0.285714285714,0.333333333333,0.380952380952,0.142857142857,0.047619047619,0.47619047619,0.333333333333,1.95238095238,-0.904761904762,3.25,0.0,0.0,CJ Wilcox
12.5151515152,1.57575757576,4.36363636364,0.304878787879,0.363636363636,1.30303030303,0.152515151515,0.151515151515,0.212121212121,0.0757575757576,0.212121212121,0.848484848485,1.06060606061,2.21212121212,0.545454545455,0.151515151515,1.27272727273,1.09090909091,3.66666666667,-1.84848484848,9.25,0.0,0.0,Tyler Ennis
27.3225806452,4.09677419355,8.16129032258,0.508403225806,0.0,0.0,0.0,2.12903225806,2.96774193548,0.568306451613,2.61290322581,3.77419354839,6.38709677419,1.14516129032,0.58064516129,1.20967741935,1.24193548387,2.61290322581,10.3225806452,0.58064516129,23.1774193548,0.129032258065,0.0,Taj Gibson
36.1764705882,9.44117647059,17.6323529412,0.536191176471,0.0147058823529,0.176470588235,0.0147058823529,5.45588235294,6.77941176471,0.80475,2.54411764706,7.69117647059,10.2352941176,2.19117647059,1.47058823529,2.94117647059,1.39705882353,2.07352941176,24.3529411765,3.91176470588,49.4926470588,0.617647058824,0.0,Anthony Davis
26.2054794521,4.01369863014,8.98630136986,0.434794520548,1.61643835616,4.15068493151,0.379465753425,2.24657534247,2.87671232877,0.595589041096,0.616438356164,3.41095890411,4.02739726027,1.97260273973,0.630136986301,0.328767123288,1.2602739726,2.19178082192,11.8904109589,2.27397260274,22.0205479452,0.027397260274,0.0,Paul Pierce
30.1012658228,5.13924050633,11.0,0.464101265823,1.37974683544,3.39240506329,0.384924050633,1.69620253165,1.9746835443,0.519303797468,0.607594936709,3.78481012658,4.39240506329,2.30379746835,1.54430379747,0.139240506329,1.43037974684,2.3164556962,13.3544303797,4.03797468354,25.6613924051,0.0126582278481,0.0,Khris Middleton
27.7627118644,3.96610169492,7.40677966102,0.553016949153,0.0,0.0169491525424,0.0,1.66101694915,2.15254237288,0.536084745763,3.22033898305,3.45762711864,6.67796610169,0.932203389831,0.271186440678,1.42372881356,1.23728813559,2.06779661017,9.59322033898,2.49152542373,22.2627118644,0.101694915254,0.0,Robin Lopez
15.1272727273,2.6,6.67272727273,0.271090909091,0.327272727273,1.09090909091,0.137163636364,0.618181818182,1.03636363636,0.230309090909,0.272727272727,1.54545454545,1.81818181818,3.27272727273,0.654545454545,0.109090909091,1.41818181818,0.909090909091,6.14545454545,-1.89090909091,14.3090909091,0.0,0.0,Ish Smith
8.89285714286,1.10714285714,2.48214285714,0.328535714286,0.232142857143,0.678571428571,0.126482142857,0.214285714286,0.357142857143,0.0758928571429,0.214285714286,0.607142857143,0.821428571429,0.589285714286,0.357142857143,0.107142857143,0.25,0.803571428571,2.66071428571,-0.482142857143,5.49107142857,0.0,0.0,E'Twaun Moore
32.380952381,5.95238095238,14.0952380952,0.411714285714,1.98412698413,5.09523809524,0.391920634921,3.09523809524,3.53968253968,0.704142857143,0.444444444444,3.42857142857,3.87301587302,5.2380952381,1.42857142857,0.15873015873,3.0,1.80952380952,16.9841269841,-1.22222222222,32.3968253968,0.031746031746,0.0,Brandon Knight
29.6911764706,4.04411764706,9.48529411765,0.409897058824,0.397058823529,1.26470588235,0.163485294118,0.455882352941,1.14705882353,0.175735294118,1.07352941176,4.41176470588,5.48529411765,7.91176470588,1.33823529412,0.102941176471,3.08823529412,2.25,8.94117647059,-0.852941176471,29.6654411765,0.220588235294,0.0441176470588,Rajon Rondo
17.8225806452,2.75806451613,6.17741935484,0.429838709677,0.0,0.0322580645161,0.0,1.35483870968,2.12903225806,0.407016129032,2.01612903226,4.14516129032,6.16129032258,0.806451612903,0.838709677419,1.09677419355,1.38709677419,3.33870967742,6.87096774194,-0.129032258065,19.0564516129,0.0645161290323,0.0,Jusuf Nurkic
22.35,3.05,7.975,0.345775,1.55,4.825,0.280325,0.825,1.15,0.29495,0.675,4.175,4.85,1.15,0.35,0.4,1.325,1.85,8.475,-0.25,17.9125,0.025,0.0,Mirza Teletovic
24.8947368421,3.17543859649,7.31578947368,0.423105263158,1.22807017544,3.0701754386,0.376175438596,2.42105263158,2.9298245614,0.570631578947,0.315789473684,2.54385964912,2.85964912281,3.64912280702,1.0,0.157894736842,1.75438596491,1.87719298246,10.0,0.0701754385965,21.100877193,0.0,0.0,C.J. Watson
6.4,0.633333333333,1.83333333333,0.291666666667,0.333333333333,1.0,0.2011,0.3,0.3,0.133333333333,0.133333333333,0.4,0.533333333333,0.4,0.3,0.1,0.3,0.666666666667,1.9,-1.36666666667,3.98333333333,0.0,0.0,Ian Clark
22.2073170732,1.76829268293,5.07317073171,0.328536585366,1.01219512195,3.21951219512,0.288573170732,0.243902439024,0.390243902439,0.0975609756098,0.329268292683,1.26829268293,1.59756097561,2.41463414634,0.5,0.170731707317,1.43902439024,1.79268292683,4.79268292683,1.13414634146,11.5396341463,0.0,0.0,Dante Exum
15.4545454545,2.27272727273,4.45454545455,0.461509090909,0.854545454545,2.03636363636,0.357890909091,0.545454545455,0.581818181818,0.295454545455,0.836363636364,3.70909090909,4.54545454545,0.581818181818,0.181818181818,0.254545454545,0.709090909091,2.05454545455,5.94545454545,0.327272727273,13.5272727273,0.0545454545455,0.0,Meyers Leonard
20.9583333333,3.83333333333,8.83333333333,0.42125,0.333333333333,1.41666666667,0.126375,0.833333333333,1.08333333333,0.246208333333,0.5,3.20833333333,3.70833333333,1.33333333333,0.625,0.541666666667,1.54166666667,2.75,8.83333333333,0.125,17.2604166667,0.0416666666667,0.0,Michael Beasley
15.8421052632,4.18421052632,8.5,0.461986842105,0.0657894736842,0.236842105263,0.0526315789474,1.97368421053,2.34210526316,0.541894736842,1.43421052632,2.84210526316,4.27631578947,0.947368421053,0.263157894737,0.447368421053,1.07894736842,2.48684210526,10.4078947368,2.31578947368,18.1085526316,0.0131578947368,0.0,Marreese Speights
19.6753246753,3.68831168831,8.63636363636,0.421298701299,0.675324675325,1.92207792208,0.272311688312,1.92207792208,2.32467532468,0.632701298701,0.376623376623,1.75324675325,2.12987012987,4.11688311688,0.636363636364,0.0519480519481,1.94805194805,1.64935064935,9.97402597403,0.103896103896,19.6493506494,0.0649350649351,0.0,Dennis Schroder
18.7868852459,1.91803278689,3.47540983607,0.494475409836,0.0,0.0,0.0,0.508196721311,1.67213114754,0.160426229508,1.72131147541,4.11475409836,5.83606557377,0.540983606557,0.491803278689,0.754098360656,0.967213114754,2.81967213115,4.34426229508,-0.131147540984,14.5081967213,0.0327868852459,0.0,Ian Mahinmi
7.33333333333,1.16666666667,2.41666666667,0.295833333333,0.0,0.0,0.0,0.333333333333,1.91666666667,0.0833333333333,0.833333333333,2.16666666667,3.0,0.166666666667,0.0833333333333,0.75,0.416666666667,1.16666666667,2.66666666667,0.666666666667,8.125,0.0,0.0,Clint Capela
28.5308641975,3.97530864198,9.11111111111,0.432111111111,2.35802469136,5.64197530864,0.401469135802,1.37037037037,1.56790123457,0.440827160494,0.666666666667,3.56790123457,4.23456790123,1.95061728395,1.24691358025,1.07407407407,1.14814814815,2.01234567901,11.6790123457,5.30864197531,25.1820987654,0.0246913580247,0.0,Danny Green
16.9574468085,1.97872340426,4.42553191489,0.458085106383,0.276595744681,1.02127659574,0.145382978723,0.936170212766,1.29787234043,0.392191489362,0.978723404255,2.6170212766,3.59574468085,0.702127659574,0.446808510638,0.468085106383,0.808510638298,1.76595744681,5.17021276596,-3.46808510638,12.3138297872,0.0212765957447,0.0,Aaron Gordon
34.3582089552,9.35820895522,21.9552238806,0.42976119403,1.28358208955,4.29850746269,0.297059701493,8.14925373134,9.76119402985,0.808940298507,1.85074626866,5.4328358209,7.28358208955,8.5671641791,2.08955223881,0.208955223881,4.37313432836,2.74626865672,28.1492537313,3.71641791045,54.3432835821,0.462686567164,0.164179104478,Russell Westbrook
21.2073170732,3.41463414634,5.96341463415,0.554024390244,0.0,0.0365853658537,0.0,1.91463414634,3.86585365854,0.412207317073,2.13414634146,4.10975609756,6.24390243902,0.90243902439,0.792682926829,0.768292682927,1.29268292683,2.5243902439,8.74390243902,-2.18292682927,20.5975609756,0.146341463415,0.0,Mason Plumlee
30.5479452055,5.58904109589,12.1506849315,0.452931506849,0.972602739726,2.83561643836,0.33395890411,3.76712328767,4.3698630137,0.713739726027,0.41095890411,2.1095890411,2.52054794521,7.02739726027,1.71232876712,0.424657534247,2.80821917808,1.90410958904,15.9178082192,5.28767123288,33.1712328767,0.13698630137,0.0,Jeff Teague
27.4918032787,4.77049180328,11.9508196721,0.390180327869,2.0,5.88524590164,0.31931147541,2.11475409836,2.47540983607,0.61668852459,1.77049180328,3.06557377049,4.83606557377,0.901639344262,0.540983606557,0.327868852459,1.01639344262,1.85245901639,13.6557377049,-0.344262295082,23.356557377,0.0491803278689,0.0,Ryan Anderson
31.8387096774,8.20967741935,17.4838709677,0.472048387097,0.467741935484,1.64516129032,0.190838709677,4.58064516129,5.96774193548,0.72335483871,0.935483870968,2.59677419355,3.53225806452,4.82258064516,1.17741935484,0.338709677419,3.37096774194,1.6935483871,21.4677419355,-0.967741935484,34.7701612903,0.0483870967742,0.0,Dwyane Wade
20.2195121951,3.08536585366,7.60975609756,0.365451219512,1.20731707317,3.81707317073,0.292853658537,2.78048780488,3.46341463415,0.537341463415,0.768292682927,4.15853658537,4.92682926829,1.18292682927,0.658536585366,0.658536585366,1.08536585366,2.09756097561,10.1585365854,2.07317073171,20.9329268293,0.0975609756098,0.0,Nikola Mirotic
19.8823529412,1.70588235294,4.47058823529,0.311352941176,0.843137254902,2.3137254902,0.265019607843,0.862745098039,1.09803921569,0.307176470588,0.333333333333,1.88235294118,2.21568627451,2.54901960784,0.78431372549,0.078431372549,1.58823529412,1.49019607843,5.11764705882,-0.627450980392,13.0637254902,0.0,0.0,Shabazz Napier
11.3333333333,2.0,2.33333333333,0.472166666667,0.0,0.0,0.0,0.5,1.33333333333,0.138833333333,1.16666666667,2.33333333333,3.5,0.666666666667,0.166666666667,0.5,0.333333333333,1.0,4.5,-3.0,11.0416666667,0.0,0.0,Arinze Onuaku
30.4512195122,6.0243902439,11.7195121951,0.507463414634,0.0,0.0243902439024,0.0,1.73170731707,4.4512195122,0.344487804878,5.32926829268,8.13414634146,13.4634146341,0.670731707317,0.890243902439,1.86585365854,1.46341463415,3.4756097561,13.7804878049,-0.719512195122,37.2743902439,0.585365853659,0.0,Andre Drummond
32.0769230769,4.80769230769,11.3333333333,0.419961538462,1.51282051282,4.26923076923,0.338897435897,2.14102564103,2.53846153846,0.599730769231,0.346153846154,2.82051282051,3.16666666667,1.65384615385,0.525641025641,0.0897435897436,1.48717948718,2.14102564103,13.2692307692,-0.333333333333,20.9519230769,0.0,0.0,Arron Afflalo
30.0196078431,6.62745098039,16.3725490196,0.396980392157,1.49019607843,5.3137254902,0.251470588235,2.98039215686,3.66666666667,0.714235294118,0.686274509804,2.47058823529,3.1568627451,4.92156862745,0.705882352941,0.313725490196,3.1568627451,1.23529411765,17.7254901961,2.41176470588,30.3774509804,0.078431372549,0.0,Derrick Rose
30.5384615385,3.34615384615,7.64102564103,0.44441025641,1.11538461538,3.23076923077,0.338833333333,1.33333333333,1.83333333333,0.451294871795,1.46153846154,4.97435897436,6.4358974359,1.5641025641,1.37179487179,0.294871794872,1.23076923077,2.29487179487,9.14102564103,-0.641025641026,22.8846153846,0.0512820512821,0.0,PJ Tucker
25.7846153846,3.90769230769,9.49230769231,0.412538461538,1.38461538462,3.73846153846,0.380476923077,0.8,0.984615384615,0.354615384615,0.476923076923,2.75384615385,3.23076923077,1.61538461538,0.507692307692,0.0307692307692,0.769230769231,1.18461538462,10.0,-1.86153846154,17.8692307692,0.0153846153846,0.0,Wayne Ellington
16.4133333333,2.25333333333,5.05333333333,0.41536,0.72,1.86666666667,0.324426666667,0.746666666667,0.88,0.35,1.24,2.52,3.76,0.946666666667,0.613333333333,0.24,0.586666666667,1.8,5.97333333333,1.86666666667,13.8866666667,0.0133333333333,0.0,Jonas Jerebko
31.4756097561,6.24390243902,13.4146341463,0.460451219512,0.69512195122,2.18292682927,0.297073170732,2.15853658537,2.82926829268,0.650426829268,1.34146341463,4.82926829268,6.17073170732,2.34146341463,1.23170731707,0.475609756098,2.07317073171,2.98780487805,15.3414634146,1.25609756098,29.512195122,0.146341463415,0.0,Markieff Morris
23.7380952381,4.14285714286,11.3333333333,0.351523809524,1.97619047619,5.35714285714,0.340047619048,3.14285714286,3.52380952381,0.717095238095,0.404761904762,1.88095238095,2.28571428571,0.97619047619,0.547619047619,0.261904761905,1.04761904762,1.97619047619,13.4047619048,-1.59523809524,19.8095238095,0.0,0.0,Nick Young
35.7083333333,6.56944444444,15.0833333333,0.442611111111,1.16666666667,3.44444444444,0.359972222222,3.63888888889,4.44444444444,0.742583333333,0.708333333333,3.48611111111,4.19444444444,4.09722222222,1.66666666667,0.263888888889,2.83333333333,2.59722222222,17.9444444444,-4.26388888889,32.4236111111,0.0416666666667,0.0,Victor Oladipo
