PLAYER,Kurtosis,Skewness
AJ Hammons,0.896992354836,1.25489066692
Aaron Brooks,2.61734701982,1.26709570371
Aaron Brooks 2015,-0.193938349222,0.127397217055
Aaron Brooks 2016,1.02102813261,0.700429931806
Aaron Gordon,-0.620524922537,0.30210963224
Aaron Gordon 2015,0.58908137238,0.916452498511
Aaron Gordon 2016,-0.60095218186,0.143779711812
Adreian Payne,-0.522741045837,0.721940625068
Adreian Payne 2015,0.972349275764,0.980852132149
Adreian Payne 2016,-0.374083296986,0.684950955819
Al Horford,-0.533761406293,0.173267195049
Al Horford 2015,-0.726272981299,0.0267093736051
Al Horford 2016,2.15738025477,0.630724828892
Al Jefferson,-0.117430809796,0.0892387971059
Al Jefferson 2015,-0.480089988926,-0.121460686044
Al Jefferson 2016,0.672224905946,0.479239209881
Al-Farouq Aminu,-0.580120004431,-0.233572027432
Al-Farouq Aminu 2015,-0.972562656279,0.354567146045
Al-Farouq Aminu 2016,0.485600080786,0.573048580141
Alan Anderson,0.59724490691,0.81354148177
Alan Anderson 2015,-0.818332095751,0.223403623341
Alan Anderson 2016,-0.0501335169485,0.660021270629
Alan Williams,-1.41086623682,0.341196382202
Alan Williams 2016,1.81496184812,1.65084707681
Alec Burks,0.0171075682555,0.214646067093
Alec Burks 2015,2.94276166232,1.3057340734
Alec Burks 2016,-1.2069289585,0.294347028718
Alex Abrines,-0.139482509498,0.615982656278
Alex Len,-0.0269869825628,0.524963838215
Alex Len 2015,-0.817508890098,0.368200660531
Alex Len 2016,-0.41573348792,0.495367315249
Alexis Ajinca,0.0847518785609,0.772701969093
Alexis Ajinca 2015,-0.817370880306,0.520927967159
Alexis Ajinca 2016,2.46693027364,1.31266435653
Allen Crabbe,-0.480649229781,0.330579738457
Allen Crabbe 2015,-0.458277474995,0.688020316859
Allen Crabbe 2016,-0.770274559691,0.224920303005
Alonzo Gee,5.49070465866,2.52254140074
Alonzo Gee 2015,0.167219343111,0.75564221931
Alonzo Gee 2016,-0.28333763117,0.637535997371
Amir Johnson,0.761414698849,0.831503555249
Amir Johnson 2015,-0.0113944630836,0.546657651275
Amir Johnson 2016,-0.034909641744,0.437855188762
Anderson Varejao,-0.39874401131,0.602667099219
Anderson Varejao 2015,0.571510724259,0.218437243738
Anderson Varejao 2016,1.27097516399,0.873248529591
Andre Drummond,-0.219331532654,0.134390704271
Andre Drummond 2015,-0.276595019939,0.01575550264
Andre Drummond 2016,0.346854156504,0.304205654527
Andre Iguodala,1.17563073513,0.779948990845
Andre Iguodala 2015,0.110058688994,0.0545720161418
Andre Iguodala 2016,-0.217367423766,0.281554057271
Andre Roberson,-0.434716505267,0.0209697051938
Andre Roberson 2015,0.0823078437585,0.706515603393
Andre Roberson 2016,2.66053748189,1.03404903384
Andrew Bogut,-0.49883267353,-0.273298371932
Andrew Bogut 2015,-0.176852491711,0.406366217974
Andrew Bogut 2016,0.316330729644,0.611418330956
Andrew Harrison,-0.392100128007,0.589972693964
Andrew Nicholson,0.602779835912,1.14409268471
Andrew Nicholson 2015,0.885080671456,0.995519584152
Andrew Nicholson 2016,-1.25345157096,0.276969210156
Andrew Wiggins,-0.466382198659,0.119930095354
Andrew Wiggins 2015,-0.338000043044,0.36414362756
Andrew Wiggins 2016,0.224822400872,0.0544983590713
Anthony Bennett,-0.247602265226,0.547422173759
Anthony Bennett 2015,-0.328496267071,0.695785817448
Anthony Bennett 2016,-1.01732830075,0.363451627515
Anthony Brown,-0.915884146112,0.642419270884
Anthony Brown 2016,-1.09686495838,-0.114308577828
Anthony Davis,0.46902578837,-0.199642362394
Anthony Davis 2015,0.162431993426,-0.306247105461
Anthony Davis 2016,1.74256414135,-0.245513683961
Anthony Morrow,-0.104512897074,0.619850517398
Anthony Morrow 2015,0.258151391772,0.750567611456
Anthony Morrow 2016,0.360968457352,0.835195638671
Anthony Tolliver,-0.24920582673,0.325591551047
Anthony Tolliver 2015,-0.976850682074,0.235154634697
Anthony Tolliver 2016,-0.497457145672,0.543692244257
Archie Goodwin,-1.01964013543,0.415159347488
Arinze Onuaku,-1.05932745218,0.144004819342
Arinze Onuaku 2015,-1.75366831711,0.188791425231
Aron Baynes,1.10708123263,1.00917220015
Aron Baynes 2015,-0.423768805762,0.519416458142
Aron Baynes 2016,-0.620964211848,0.267458171694
Arron Afflalo,-0.711485691981,0.00915530809148
Arron Afflalo 2015,-0.442412427806,0.13997115817
Arron Afflalo 2016,0.134764033947,0.57914721882
Austin Rivers,-0.435669554604,0.203180211194
Austin Rivers 2015,0.0549352482855,0.751753281747
Austin Rivers 2016,3.07554803653,1.28093589558
Avery Bradley,0.238692155461,0.276293206329
Avery Bradley 2015,0.674411293397,0.701634384121
Avery Bradley 2016,-0.279952797765,-0.134168780179
Ben McLemore,3.41118293845,1.22188943503
Ben McLemore 2015,0.580824433884,0.647812297986
Ben McLemore 2016,1.46248696304,1.18198852731
Beno Udrih,-1.12864499429,-0.0361252584536
Beno Udrih 2015,-0.352568179729,0.151921049169
Beno Udrih 2016,1.23866697768,1.07696444911
Bismack Biyombo,-0.397385158729,0.601757113612
Bismack Biyombo 2015,0.0402466100372,0.638054734321
Bismack Biyombo 2016,1.05716924312,0.993973458703
Blake Griffin,-0.22665823353,0.407930321202
Blake Griffin 2015,0.340261442134,-0.00279737666242
Blake Griffin 2016,0.0850599503745,-0.315726692177
Boban Marjanovic,4.43699056491,2.00987866122
Boban Marjanovic 2016,-0.253887826381,0.770239789822
Bobby Brown,3.01600583786,1.92301772254
Bobby Portis,0.184228280163,0.749099755281
Bobby Portis 2016,-0.704707455917,0.270073934169
Bojan Bogdanovic,-0.47921510505,0.177695994098
Bojan Bogdanovic 2015,-0.697580106578,0.321976067893
Bojan Bogdanovic 2016,1.36602844404,1.00576578678
Boris Diaw,-0.441042204527,0.56095274675
Boris Diaw 2015,0.635202771787,0.560336831783
Boris Diaw 2016,0.026962478455,0.528818162359
Bradley Beal,0.212660332748,0.359173369935
Bradley Beal 2015,-0.332914259591,-0.0141762092137
Bradley Beal 2016,0.479237801124,0.0857851955589
Brandan Wright,-0.697895650044,0.0561062124322
Brandan Wright 2015,0.125787321196,0.727451302458
Brandan Wright 2016,-0.41991541022,0.355588578344
Brandon Bass,0.0154663162509,0.660188992979
Brandon Bass 2015,0.134128418035,0.48662640815
Brandon Bass 2016,0.441748776649,0.571432583315
Brandon Ingram,-0.777236634122,0.0992476446833
Brandon Jennings,0.509006348674,0.780996694919
Brandon Jennings 2015,-0.832910644485,0.389705325156
Brandon Jennings 2016,-0.613350213327,0.62152322518
Brandon Knight,0.264629480951,0.262178919958
Brandon Knight 2015,-0.348233145361,-0.172478762248
Brandon Knight 2016,1.75231562659,1.03694535909
Brandon Rush,0.503685473533,0.711970225562
Brandon Rush 2015,-0.440971860176,0.719041447914
Brandon Rush 2016,-0.379835545461,0.518767997462
Brian Roberts,3.73204983856,1.47032800598
Brian Roberts 2015,0.0385771542067,0.797879021198
Brian Roberts 2016,0.103990893061,0.8518890903
Briante Weber,0.300072759587,1.01340450408
Briante Weber 2016,-1.28953893514,0.0228833664743
Brook Lopez,0.386085223814,0.295148188304
Brook Lopez 2015,-0.188698963673,0.336678848991
Brook Lopez 2016,-0.302329851275,-0.0925059418276
Bruno Caboclo,-1.13123974614,0.718082490039
Bruno Caboclo 2015,2.55544231643,2.04312713514
Bruno Caboclo 2016,0.478937885681,1.45962501559
Bryn Forbes,-0.366714742403,0.906008490303
Buddy Hield,0.154436584714,0.404135619398
C.J. Watson,0.872637862445,0.971567788754
C.J. Watson 2015,0.618944110069,0.687411246245
C.J. Watson 2016,-0.7587760292,0.120656795678
CJ McCollum,-0.499808721998,0.104219000418
CJ McCollum 2015,1.55695245594,1.25811802574
CJ McCollum 2016,3.11350651952,1.13873186007
CJ Miles,-0.692604160081,0.134165298662
CJ Miles 2015,-0.0468152379884,0.38363455262
CJ Miles 2016,-0.48096092529,0.430436830692
CJ Wilcox,-0.822958628451,0.846284138233
CJ Wilcox 2015,-0.494400673695,0.952512445016
CJ Wilcox 2016,4.34558354346,2.02807469344
Cameron Payne,-0.921314288405,0.458601835023
Cameron Payne 2016,-0.342996776238,0.530233972612
Caris LeVert,-0.157579638177,0.3987511962
Carmelo Anthony,-0.127053479158,0.201352106865
Carmelo Anthony 2015,-0.518424212429,0.00922397257868
Carmelo Anthony 2016,-0.37849205637,-0.439335003664
Chandler Parsons,0.158677633782,0.357062224482
Chandler Parsons 2015,-0.366828821211,0.202011528979
Chandler Parsons 2016,-1.08122468531,0.332717645946
Channing Frye,0.443886223266,0.787383543355
Channing Frye 2015,0.854124170114,0.566246647577
Channing Frye 2016,-0.44928918772,0.605428594795
Chasson Randle,-1.06479582311,0.550017988534
Cheick Diallo,1.39779996012,1.5162737282
Chris Andersen,-1.01853231235,0.0731675034433
Chris Andersen 2015,1.56172714543,0.571286664616
Chris Andersen 2016,-0.487500084954,0.355846551672
Chris McCullough,4.32428574405,2.17168784432
Chris McCullough 2016,-0.653618800806,0.664187372686
Chris Paul,-0.0694845325058,0.26422151305
Chris Paul 2015,0.900358581256,0.212689273976
Chris Paul 2016,0.479358232694,0.258935411199
Christian Wood,1.7152472136,1.39799955496
Christian Wood 2016,0.796954167713,1.21612946853
Clint Capela,-0.658895034415,-0.0819258565454
Clint Capela 2015,-1.17310147845,0.625078345401
Clint Capela 2016,0.119892844422,0.813703634583
Cody Zeller,-0.598664126678,-0.0266529237538
Cody Zeller 2015,0.344042856132,0.448533556407
Cody Zeller 2016,-0.465814195089,0.284086252034
Cole Aldrich,8.85472930805,2.42282374642
Cole Aldrich 2015,0.623968651538,0.985623621529
Cole Aldrich 2016,3.33262733696,1.42408763333
Corey Brewer,-0.709378440267,0.266308844763
Corey Brewer 2015,-0.157241090643,0.315140151338
Corey Brewer 2016,-0.382767947899,0.45270827237
Cory Joseph,0.361912300171,0.699447597262
Cory Joseph 2015,-0.928789737684,0.331513310203
Cory Joseph 2016,-0.536539536353,0.0442009967908
Courtney Lee,-0.0494296755499,0.331345984778
Courtney Lee 2015,-0.0259177041153,0.163897224919
Courtney Lee 2016,0.333710348885,0.226061894662
Cristiano Felicio,1.15835035762,0.692959143531
Cristiano Felicio 2016,-0.400457817801,0.794395567891
D'Angelo Russell,-0.242563090705,0.0961114609641
D'Angelo Russell 2016,0.446277546874,0.453136090087
D.J. Augustin,-0.199422303148,0.59453641826
D.J. Augustin 2015,1.44870117129,1.20911339652
D.J. Augustin 2016,-0.404963672665,0.545963755144
Damian Jones,-0.878653820531,0.0950042917736
Damian Lillard,0.799557920001,-0.273201746242
Damian Lillard 2015,0.12579223877,0.511356029861
Damian Lillard 2016,1.13675156051,0.215259048358
Damjan Rudez,3.69473277293,1.81834523787
Damjan Rudez 2015,1.38862856031,1.03221596299
Damjan Rudez 2016,-0.0593997219018,0.951429024276
Daniel Ochefu,-0.431403447129,0.811519804529
Danilo Gallinari,-0.216076735615,0.340671939001
Danilo Gallinari 2015,2.78640428262,1.2630008392
Danilo Gallinari 2016,-0.565889843677,0.0360299984931
Danny Green,-0.549435976836,-0.135838619537
Danny Green 2015,0.111938060222,0.413508465446
Danny Green 2016,-0.00893697638862,0.703279711122
Dante Cunningham,-0.729414273221,-0.0253849513596
Dante Cunningham 2015,-0.529817417296,0.454478079964
Dante Cunningham 2016,0.398511549624,0.532767376394
Dante Exum,-0.963552746773,-0.00109526844189
Dante Exum 2015,-0.94633971915,0.337193019463
Dario Saric,-0.644607482451,0.224292119157
Darrell Arthur,-0.722750421375,0.442896328975
Darrell Arthur 2015,0.456854458458,0.800363253673
Darrell Arthur 2016,-0.348882809994,0.645276304799
Darren Collison,-0.115190743781,0.53786877288
Darren Collison 2015,0.735979582633,-0.311401229087
Darren Collison 2016,-0.131558894974,0.0363977420083
Darrun Hilliard,-0.550343847689,0.749010079451
Darrun Hilliard 2016,0.408059719221,0.947878907422
David Lee,-0.170378610398,0.468032180955
David Lee 2015,0.270734485665,0.263812819639
David Lee 2016,0.392749925258,0.534942359566
David Nwaba,0.0460320547288,0.446742386089
David West,-0.632936507003,0.185827124455
David West 2015,0.508685556403,0.3820422394
David West 2016,0.413049936404,0.685202901685
Davis Bertans,-0.185239007205,0.808968975368
DeAndre Jordan,-0.204180996044,0.560163619204
DeAndre Jordan 2015,0.24484147444,0.0603194495705
DeAndre Jordan 2016,-0.689634684389,0.328766035544
DeAndre Liggins,0.608355629266,0.902902855431
DeAndre' Bembry,-0.175564566853,0.961398428182
DeMar DeRozan,-0.259537373417,0.0105421928486
DeMar DeRozan 2015,0.465073607404,-0.176605753738
DeMar DeRozan 2016,0.862348269844,0.372888693478
DeMarcus Cousins,-0.457196553786,-0.173644832669
DeMarcus Cousins 2015,-0.177058948972,0.395565045995
DeMarcus Cousins 2016,0.310328620245,-0.221451840323
DeMarre Carroll,-0.266042504242,0.433285382317
DeMarre Carroll 2015,-0.306023049842,0.277321967649
DeMarre Carroll 2016,-0.757196037873,0.582795693459
Dejounte Murray,1.46882963567,1.27118023887
Delon Wright,-1.23176258032,-0.114398635408
Delon Wright 2016,0.991267200495,1.48766019078
Dennis Schroder,-0.234528036573,-0.43288073321
Dennis Schroder 2015,0.0163809469191,0.394596964216
Dennis Schroder 2016,0.851109509511,0.638892621888
Denzel Valentine,0.425840136356,0.923838595465
Deron Williams,-0.515528032314,-0.274715248886
Deron Williams 2015,-0.193801879728,-0.183485511163
Deron Williams 2016,1.53046907895,0.601272128867
Derrick Favors,-0.270941123018,0.610984931821
Derrick Favors 2015,-0.384455230255,-0.23008539503
Derrick Favors 2016,0.334955637733,0.47778081217
"Derrick Jones, Jr.",-0.863215968478,-0.0574852455964
Derrick Rose,0.816669721504,0.027347996699
Derrick Rose 2015,0.390103025668,-0.147330699056
Derrick Rose 2016,0.499859654211,-0.15640429508
Derrick Williams,-1.10483895375,0.0565273695169
Derrick Williams 2015,-0.57347577681,0.401808354172
Derrick Williams 2016,0.770982810363,0.850845180721
Devin Booker,10.6538455423,2.25991188696
Devin Booker 2016,-0.855799108075,0.13355924072
Devin Harris,-0.712002344402,0.158264282804
Devin Harris 2015,0.0728138155792,0.406733246868
Devin Harris 2016,-0.716266813917,0.0946103045327
Dewayne Dedmon,0.238575301515,0.650611318746
Dewayne Dedmon 2015,0.0707925464874,0.606935463504
Dewayne Dedmon 2016,0.81633000098,0.884569724258
Deyonta Davis,8.11861748769,2.53515323164
Diamond Stone,0.26689522929,1.3042269849
Dion Waiters,-0.99525619347,-0.276027924415
Dion Waiters 2015,-0.148330413613,0.370994709579
Dion Waiters 2016,-0.741588805376,0.138905534347
Dirk Nowitzki,-0.659128715092,0.291452899231
Dirk Nowitzki 2015,0.269608332799,0.697792392151
Dirk Nowitzki 2016,0.011418351298,0.426060909017
Domantas Sabonis,0.124308688645,0.479478863019
Donatas Motiejunas,-0.311713094055,0.635246541793
Donatas Motiejunas 2015,-0.457275898729,-0.073881948957
Donatas Motiejunas 2016,0.137450330855,0.628445156974
Dorian Finney-Smith,1.96763320268,1.13144143984
Doug McDermott,1.26712662173,0.996949997598
Doug McDermott 2015,1.30704634793,1.51646487622
Doug McDermott 2016,0.220311500022,0.5028014156
Dragan Bender,5.75925499355,2.03580192042
Draymond Green,0.497260648945,0.318109031404
Draymond Green 2015,-0.0140755517003,0.285659579659
Draymond Green 2016,0.676367937106,0.631233025957
Dwight Howard,-0.139852256833,-0.197752760022
Dwight Howard 2015,-0.816931131977,0.0687407939435
Dwight Howard 2016,1.58420507978,0.379787473301
Dwight Powell,-0.870074531468,0.277011658314
Dwight Powell 2015,0.504050278619,1.26070275229
Dwight Powell 2016,-0.728382821237,0.442909668424
Dwyane Wade,0.0306066105223,-0.155547088509
Dwyane Wade 2015,-0.592866055223,-0.325714744068
Dwyane Wade 2016,-0.40306298219,0.0820182874433
E'Twaun Moore,-0.162111554373,0.137518087929
E'Twaun Moore 2015,3.21538698603,1.70406907511
E'Twaun Moore 2016,-0.0684640364768,0.686512511473
Ed Davis,0.293073495602,0.628515795948
Ed Davis 2015,-0.309668011839,0.273542832736
Ed Davis 2016,-0.661896259219,0.0775131667951
Elfrid Payton,0.161503782287,0.625953599488
Elfrid Payton 2015,-0.00743982143226,0.246410576839
Elfrid Payton 2016,-0.568210807161,-0.0645882645418
Emmanuel Mudiay,-1.04959330337,0.202804755665
Emmanuel Mudiay 2016,-0.219145566973,0.201414946809
Enes Kanter,-0.408462359533,-0.0949903301177
Enes Kanter 2015,-0.731077280343,0.198186364456
Enes Kanter 2016,0.839667296891,0.587830706623
Eric Bledsoe,-0.486947408222,0.30247485201
Eric Bledsoe 2015,0.508192501163,0.564181274212
Eric Bledsoe 2016,0.459025755726,-0.759399840393
Eric Gordon,0.0525098491808,0.0421540447002
Eric Gordon 2015,0.245155711206,-0.0451149964109
Eric Gordon 2016,-0.0860496003535,0.242694077391
Ersan Ilyasova,0.985507968128,0.715077179093
Ersan Ilyasova 2015,-0.273104471885,0.386566575752
Ersan Ilyasova 2016,-0.445013805369,0.370365283934
Evan Fournier,-0.421889339401,0.326099422921
Evan Fournier 2015,-0.44708220463,0.120648802265
Evan Fournier 2016,-0.544219036617,-0.088497186057
Evan Turner,-0.487749679344,-0.0512544717842
Evan Turner 2015,-0.375660085457,0.494365999974
Evan Turner 2016,-0.572841477024,-0.141827676889
Frank Kaminsky,0.0305860302263,0.686592092067
Frank Kaminsky 2016,-0.584190993402,0.0652119765505
Fred VanVleet,0.178849086948,1.10771755649
Garrett Temple,-0.149800321175,0.375033048301
Garrett Temple 2015,0.0653640011453,0.816876370305
Garrett Temple 2016,-0.247649819345,0.496791421155
Gary Harris,0.109618967905,-0.597021041111
Gary Harris 2015,0.894472919346,1.02235687559
Gary Harris 2016,-0.823297428238,-0.203774227234
George Hill,-0.440319059372,-0.463987609934
George Hill 2015,-0.376465845103,0.430373436754
George Hill 2016,-0.137689990499,0.427957085711
Georges Niang,-0.489870326618,0.862727776536
Georgios Papagiannis,-0.404139874278,0.806093717772
Gerald Green,0.0991089014633,0.612973367834
Gerald Green 2015,-0.517966278671,0.103711014162
Gerald Green 2016,-0.0454829891807,0.398308737996
Gerald Henderson,-0.977081030274,-0.0573145915065
Gerald Henderson 2015,-0.938784810014,0.0864593771449
Gerald Henderson 2016,-0.756534286269,0.199543366494
Giannis Antetokounmpo,0.392174830227,-0.486549900701
Giannis Antetokounmpo 2015,-0.363047605172,0.391301575293
Giannis Antetokounmpo 2016,0.583286459879,0.768770892656
Glenn Robinson III,-0.25413886791,0.495723542712
Glenn Robinson III 2015,3.12148058314,1.87498995561
Glenn Robinson III 2016,-0.452298707965,0.691426299481
Goran Dragic,-0.127993172387,0.0488875794301
Goran Dragic 2015,-0.0451589462153,0.014094627311
Goran Dragic 2016,-0.786330607859,-0.104327153515
Gordon Hayward,-0.367618271336,-0.47146128314
Gordon Hayward 2015,-0.335151650778,0.12979849915
Gordon Hayward 2016,0.185239301122,-0.0679672921034
Gorgui Dieng,-0.662784996598,-0.144876493002
Gorgui Dieng 2015,-0.404843454312,0.297118469158
Gorgui Dieng 2016,-0.547604934715,0.423279203439
Greg Monroe,-0.664829837512,0.10148243078
Greg Monroe 2015,-0.126698901922,0.0276247209017
Greg Monroe 2016,-0.588742877588,-0.0190716539083
Harrison Barnes,-0.272541187785,-0.112830912818
Harrison Barnes 2015,-0.550367932114,0.428326895938
Harrison Barnes 2016,-0.882480893821,0.150933314555
Hassan Whiteside,-0.601853320207,-0.309380003505
Hassan Whiteside 2015,-0.510266032492,-0.121098494867
Hassan Whiteside 2016,-0.144476511842,0.0165075387294
Henry Ellenson,-0.930211918568,0.484288469691
Hollis Thompson,2.80846220513,1.66684481545
Hollis Thompson 2015,-0.118259315486,0.510154533876
Hollis Thompson 2016,-0.74165207751,0.0353502528721
Ian Clark,2.00840472045,1.27768632363
Ian Clark 2015,2.45257562322,1.71474167958
Ian Clark 2016,0.849179509835,1.12186432108
Ian Mahinmi,1.42150074801,1.1636621494
Ian Mahinmi 2015,-0.368459836684,0.497412210071
Ian Mahinmi 2016,0.61007393442,-0.197033922311
Iman Shumpert,-0.344114490003,0.277844612009
Iman Shumpert 2015,0.645693416985,0.73060890764
Iman Shumpert 2016,2.07793126394,1.21450063573
Isaiah Canaan,0.406584778159,0.743989855013
Isaiah Canaan 2015,0.823040009867,0.759283546034
Isaiah Canaan 2016,-0.758256286757,0.144082495599
Isaiah Thomas,-0.503110789414,0.394034504205
Isaiah Thomas 2015,-0.485425912096,-0.211619142269
Isaiah Thomas 2016,-0.328468606993,0.0942487573721
Isaiah Whitehead,-0.682120833168,0.138887572775
Ish Smith,-0.515365409752,0.418166068079
Ish Smith 2015,-1.28407137386,0.491292359756
Ish Smith 2016,-0.476173476912,-0.382210300333
Ivica Zubac,-0.986228438937,0.3535852105
J.J. Barea,-1.0066132521,0.212435439077
J.J. Barea 2015,-0.753606882583,0.318662394504
J.J. Barea 2016,0.471852461039,0.786341185415
JJ Redick,-0.169845536004,0.24422772899
JJ Redick 2015,0.293501285953,0.150379235587
JJ Redick 2016,0.771083212964,0.174868176328
JR Smith,0.759484264805,0.736756367494
JR Smith 2015,-0.712715626782,-0.0777695164181
JR Smith 2016,-0.372030505675,-0.0310148605524
JaMychal Green,-0.43702720497,0.451302323381
JaMychal Green 2015,1.14973679395,1.45521405332
JaMychal Green 2016,0.451992058652,0.864936204769
JaVale McGee,-1.22624469872,0.322530516818
JaVale McGee 2015,1.60129907133,1.45962719267
JaVale McGee 2016,1.1950591038,0.843492900684
Jabari Parker,-0.382811363101,0.147010140719
Jabari Parker 2015,-0.833749434981,0.445981256486
Jabari Parker 2016,-0.149036919683,0.426674769033
Jae Crowder,-0.181786637322,-0.176583958734
Jae Crowder 2015,-0.991752564166,0.273923502455
Jae Crowder 2016,-0.139111892073,-0.139497326771
Jahlil Okafor,-0.349692808616,0.162540745078
Jahlil Okafor 2016,-0.822555472287,0.232061989292
Jake Layman,6.49984631264,2.49343337674
Jakob Poeltl,0.335388903495,0.723637312836
Jamal Crawford,-0.651506791278,0.259275267654
Jamal Crawford 2015,-0.503704923213,-0.260345326125
Jamal Crawford 2016,0.807122654958,0.620730962356
Jamal Murray,-0.855657290301,0.181866202857
Jameer Nelson,-0.359042607662,0.486893846583
Jameer Nelson 2015,-0.631086451552,0.299047547909
Jameer Nelson 2016,-0.326189224328,0.398160786892
James Ennis III,-0.674645481658,0.16396594501
James Ennis III 2015,0.996188540278,1.00211036572
James Ennis III 2016,-0.349748091548,0.88006043274
James Harden,0.829588606164,0.495748009365
James Harden 2015,-0.511260251321,0.0871695801529
James Harden 2016,-0.149750224477,0.165641984847
James Johnson,-0.684836756215,-0.0969733899484
James Johnson 2015,-0.0136712025509,0.565285656943
James Johnson 2016,-0.883693490744,0.341827692262
James Jones,2.57961546955,1.69934525227
James Jones 2015,-0.0876962723331,0.837217330338
James Jones 2016,-0.71569913301,0.477597389282
James Michael McAdoo,0.218329721162,1.04573257199
James Michael McAdoo 2015,-0.825016500579,0.766151984232
James Michael McAdoo 2016,0.22034298329,1.02485644124
James Young,1.07125129563,1.32898119943
James Young 2015,-0.525755936492,0.623081430068
James Young 2016,0.676924110195,1.27878146559
Jared Dudley,-0.524092706617,0.21982334292
Jared Dudley 2015,0.0283120969193,0.792741769125
Jared Dudley 2016,-0.718765211799,0.183577178189
Jared Sullinger,-0.335827956777,0.848139498026
Jared Sullinger 2015,-0.285130253674,-0.492727760711
Jared Sullinger 2016,-0.309138968348,0.239099299214
Jarell Martin,-0.497489932521,0.537198791841
Jarell Martin 2016,-0.738318484506,0.378258991417
Jason Smith,0.113268359109,0.780269659383
Jason Smith 2015,0.173169757077,0.65076742225
Jason Smith 2016,1.48541675636,1.10987188888
Jason Terry,-0.366152938227,0.341876457926
Jason Terry 2015,0.502343204247,0.835400713429
Jason Terry 2016,-0.722163155124,0.277479307925
Jaylen Brown,-0.0897505401217,0.684577642141
Jeff Green,-0.291389839797,0.342784667142
Jeff Green 2015,0.917409967209,0.308544909275
Jeff Green 2016,-0.102876631214,0.197643845849
Jeff Teague,-0.48655561345,0.355242911586
Jeff Teague 2015,-1.13193575549,0.0398113039113
Jeff Teague 2016,-0.239918048401,0.130956401306
Jeff Withey,-0.421677866651,0.536278537103
Jeff Withey 2015,3.28041864294,1.76416218946
Jeff Withey 2016,-0.326119131509,0.788219050245
Jerami Grant,-0.0449778192266,0.368418973801
Jerami Grant 2015,-0.580379354658,0.247492170438
Jerami Grant 2016,0.13564906181,0.436565739042
Jeremy Lamb,-0.0844121785471,0.417707882565
Jeremy Lamb 2015,0.824320851794,1.13232199031
Jeremy Lamb 2016,-0.658129255077,0.243942990737
Jeremy Lin,0.322891269706,-0.152452510563
Jeremy Lin 2015,-0.484891187718,0.35301087941
Jeremy Lin 2016,0.47462810476,0.791647317356
Jerian Grant,0.234733038426,0.673309514921
Jerian Grant 2016,-0.197612466368,0.664913270976
Jimmy Butler,0.335164238075,0.186239974087
Jimmy Butler 2015,0.0653650750444,-0.0722492996777
Jimmy Butler 2016,2.64143598752,1.18255648178
Joakim Noah,-0.886648958362,0.380200109667
Joakim Noah 2015,-0.626553171352,0.0807396368021
Joakim Noah 2016,-0.767094163978,-0.00153418050201
Jodie Meeks,-0.591245949757,0.294533235169
Jodie Meeks 2015,0.360553802881,0.413706395542
Joe Harris,-0.352669339647,0.159227642899
Joe Harris 2015,4.77731985643,2.16565486572
Joe Ingles,-0.24505369173,0.312552732306
Joe Ingles 2015,-0.620361209546,0.361599009427
Joe Ingles 2016,1.08760815706,0.746437896404
Joe Johnson,-0.0984219106429,0.448091808337
Joe Johnson 2015,-0.305515902024,-0.0860660956615
Joe Johnson 2016,0.721717795594,0.441543981004
Joe Young,1.95274479041,1.74463306458
Joe Young 2016,1.18549940219,1.27652867845
Joel Anthony,1.41278367995,1.14739986424
Joel Anthony 2015,0.684558842597,1.21201875046
Joel Anthony 2016,9.49826193634,3.13391093513
Joel Bolomboy,-0.466485818986,0.872315161602
Joel Embiid,-0.535434526146,0.034777083236
Joffrey Lauvergne,-0.399553808341,0.67827936754
Joffrey Lauvergne 2015,-0.492088836699,0.675787732215
Joffrey Lauvergne 2016,-0.930302215795,-0.0134852522568
John Henson,-0.358589645173,0.214481167468
John Henson 2015,-0.332568924426,-0.0226850632549
John Henson 2016,-0.663543065124,0.328117601946
John Wall,0.00277631014341,0.268279520732
John Wall 2015,-0.708876099394,0.0354523366586
John Wall 2016,-0.0615077903966,0.00401317098256
Johnny O'Bryant III,2.22506928558,1.69174298015
Johnny O'Bryant III 2015,-0.0807782868952,0.770485268493
Johnny O'Bryant III 2016,1.09630619632,1.00237034947
Jon Leuer,-0.097605379258,-0.453497080981
Jon Leuer 2015,4.66904492616,1.88066793755
Jon Leuer 2016,-0.720957070853,0.49718142196
Jonas Jerebko,-0.29137116642,0.35090705052
Jonas Jerebko 2015,0.0724249893808,0.566232387479
Jonas Jerebko 2016,-0.548454059335,0.292838830923
Jonas Valanciunas,-0.133159306471,0.260946550049
Jonas Valanciunas 2015,-0.564593189688,0.0623490687253
Jonas Valanciunas 2016,0.134049762083,0.0993190275619
Jonathan Gibson,1.37697192352,1.25126211229
Jonathon Simmons,0.13074719901,0.52458950002
Jonathon Simmons 2016,0.187854694584,0.639109474445
Jordan Clarkson,0.79630343486,0.267573305368
Jordan Clarkson 2015,-0.787152995636,0.315997111067
Jordan Clarkson 2016,-0.614553279625,0.0997615974292
Jordan Crawford,-1.23023635386,0.300787684952
Jordan Hill,-0.778694843847,0.706460922351
Jordan Hill 2015,0.0438399911467,0.360785832938
Jordan Hill 2016,0.158503819791,0.6465507094
Jordan McRae,2.67354901936,1.44684407015
Jordan McRae 2016,7.95101119854,2.77660233106
Jordan Mickey,-1.31419777233,0.302402005682
Jordan Mickey 2016,-1.1224209864,0.40684351156
Jose Calderon,0.461112448308,1.04865118795
Jose Calderon 2015,-0.586719433961,0.290681581172
Jose Calderon 2016,-0.71197611029,0.263586875308
Josh McRoberts,-0.645923206251,0.53515450512
Josh McRoberts 2015,-0.70511337353,0.659223211948
Josh McRoberts 2016,3.94706177035,1.50762536478
Josh Richardson,0.764119010728,0.407768139214
Josh Richardson 2016,-0.847152570253,0.40942111956
Jrue Holiday,0.116259308052,0.632573274251
Jrue Holiday 2015,-0.274319919808,0.256520964829
Jrue Holiday 2016,-0.524607241555,0.195362361076
Juan Hernangomez,3.27614168655,1.42966776658
Julius Randle,0.272907779734,0.462881625288
Julius Randle 2016,0.555298272666,0.121920520196
Justin Anderson,-0.128262745275,0.643096699758
Justin Anderson 2016,1.20473499277,1.16297505263
Justin Hamilton,-0.209299898947,0.26500234676
Justin Hamilton 2015,0.0126530699841,0.880887902871
Justin Holiday,-0.46670512313,0.55120248037
Justin Holiday 2015,0.335256400614,1.07690484224
Justin Holiday 2016,2.80157985801,1.36761157406
Justise Winslow,0.915889710779,0.75282568422
Justise Winslow 2016,-0.317646536884,0.0658754336652
Jusuf Nurkic,1.74519573768,0.992736123931
Jusuf Nurkic 2015,-0.49374116717,0.303711733124
Jusuf Nurkic 2016,-0.192918368956,0.56709225879
KJ McDaniels,2.02274313193,1.3862608313
KJ McDaniels 2015,-0.00408984681914,0.182139097908
KJ McDaniels 2016,-0.0241550392139,1.03833695866
Karl-Anthony Towns,0.0737858195998,0.304308242575
Karl-Anthony Towns 2016,-0.757933084849,-0.0173709528572
Kawhi Leonard,-0.31484684859,-0.0817830915356
Kawhi Leonard 2015,-0.990652408816,0.0312925193223
Kawhi Leonard 2016,-0.489593568269,0.0637167492979
Kay Felder,-0.110355608012,0.875443638417
Kelly Olynyk,-0.269927963349,0.400121919631
Kelly Olynyk 2015,-0.311160558728,0.368045359975
Kelly Olynyk 2016,-0.162644041944,0.668307471272
Kelly Oubre Jr.,0.517224193342,0.901044319472
Kelly Oubre Jr. 2016,-0.421703576674,0.822531754742
Kemba Walker,-0.169589789576,0.0500498669944
Kemba Walker 2015,-0.68751731474,0.100004734428
Kemba Walker 2016,0.765139103308,0.524356379304
Kenneth Faried,-0.436464658044,0.219285783787
Kenneth Faried 2015,-0.45634579346,0.514434595968
Kenneth Faried 2016,-0.373300675411,0.217364522231
Kent Bazemore,-0.586364751867,0.237975332962
Kent Bazemore 2015,-0.596437398309,0.467008784662
Kent Bazemore 2016,-0.411033360421,0.00408073167793
Kentavious Caldwell-Pope,-0.47485728074,0.180863080804
Kentavious Caldwell-Pope 2015,0.374994314282,0.411082651392
Kentavious Caldwell-Pope 2016,0.268910785215,0.0345178533697
Kevin Durant,4.393314027,-1.12429815699
Kevin Durant 2015,0.00419823330898,0.298685580707
Kevin Durant 2016,-0.661773863289,0.194530234919
Kevin Love,0.230399560795,-0.106499527681
Kevin Love 2015,0.295786696718,0.306739546177
Kevin Love 2016,-0.673846743624,-0.204295741203
Kevin Seraphin,-0.108943609643,0.867551251243
Kevin Seraphin 2015,0.417099989122,0.701241783154
Kevin Seraphin 2016,0.673070823708,0.963561956338
Kevon Looney,-0.471056416229,0.490758486351
Khris Middleton,-0.941491545937,0.0736214246378
Khris Middleton 2015,0.326682715418,0.441966244803
Khris Middleton 2016,-0.00218766471547,0.0350766406708
Klay Thompson,1.10641613774,0.484002130876
Klay Thompson 2015,2.05261858924,0.660285570884
Klay Thompson 2016,-0.236590385726,0.551200798481
Kosta Koufos,0.341216659575,0.426544160002
Kosta Koufos 2015,0.0336206824727,0.368109611745
Kosta Koufos 2016,-0.478678475969,0.50412499593
Kris Dunn,1.3346892051,1.10373167996
Kris Humphries,-0.0304165378406,0.882813119338
Kris Humphries 2015,-0.361637421739,0.0585990039025
Kris Humphries 2016,2.45551043842,1.06851271993
Kristaps Porzingis,-0.418873500673,0.196904675643
Kristaps Porzingis 2016,-0.449864854622,0.0285609648818
Kyle Anderson,-0.0435385957006,0.883250720196
Kyle Anderson 2015,0.122657286268,1.17359462586
Kyle Anderson 2016,1.44548218435,0.989552357103
Kyle Korver,-0.359274316125,0.496008952406
Kyle Korver 2015,0.264082461049,-0.0261613228762
Kyle Korver 2016,0.488921147128,0.460811080003
Kyle Lowry,0.592823783194,-0.282132660413
Kyle Lowry 2015,-0.131421853792,-0.322898978478
Kyle Lowry 2016,0.136549914439,0.379343419078
Kyle O'Quinn,-0.270224145748,0.727696870225
Kyle O'Quinn 2015,0.800087129509,0.979208590932
Kyle O'Quinn 2016,-1.07333126517,0.246987373377
Kyle Singler,0.525767733346,0.859080802824
Kyle Singler 2015,0.994052760076,1.02897028597
Kyle Singler 2016,-0.705114188577,0.353369534149
Kyle Wiltjer,-0.435949155767,0.957357669563
Kyrie Irving,0.703706275768,0.305846847158
Kyrie Irving 2015,1.79064268835,0.888624527734
Kyrie Irving 2016,-0.462568569472,-0.108840962859
LaMarcus Aldridge,-0.432946449345,0.0098320093644
LaMarcus Aldridge 2015,-0.158744890499,0.0688386454419
LaMarcus Aldridge 2016,-0.610394112983,0.0902019520434
Lance Stephenson,-0.238635666259,0.97681119408
Lance Stephenson 2015,-0.549876753734,0.293973790583
Lance Stephenson 2016,0.789139078527,0.799157012742
Lance Thomas,0.196230937299,0.878351130414
Lance Thomas 2015,-0.57572559058,0.448375864591
Lance Thomas 2016,-0.240615330249,0.1355283774
Langston Galloway,-0.299824753595,0.608261762627
Langston Galloway 2015,-0.672306995358,-0.0437018765711
Langston Galloway 2016,-0.375809685108,0.245201411231
Larry Nance Jr.,-0.427084331985,0.364983943506
Larry Nance Jr. 2016,0.45524190768,0.649490427294
Lavoy Allen,4.24886701304,1.75300624264
Lavoy Allen 2015,-0.0486928751612,0.616631473023
Lavoy Allen 2016,-0.218615361013,0.515731975251
LeBron James,-0.146708539857,-0.0793353041987
LeBron James 2015,-0.724574359189,0.0116984890472
LeBron James 2016,-0.112959913074,0.152213419453
Leandro Barbosa,0.231884963625,0.570773749782
Leandro Barbosa 2015,-0.282960872707,0.326693960948
Leandro Barbosa 2016,0.443925425563,0.281542416031
Lou Williams,-0.222453151908,0.410267185907
Lou Williams 2015,-0.175367241164,0.18526804291
Lou Williams 2016,0.568298668567,0.530773483841
Luc Mbah a Moute,0.934344962513,0.825473510005
Luc Mbah a Moute 2015,0.631112369148,0.180446390325
Luc Mbah a Moute 2016,-0.734296452512,0.15567836285
Lucas Nogueira,-0.946812730972,0.161182952135
Lucas Nogueira 2015,-1.3485451073,0.727412875327
Lucas Nogueira 2016,3.66538015229,1.9531482022
Luis Scola,0.211506918253,0.644508627448
Luis Scola 2015,0.417426361022,0.571431532072
Luis Scola 2016,-0.29899681387,0.565559698822
Luke Babbitt,0.0469986935545,0.586223321009
Luke Babbitt 2015,1.5745331149,1.2930925927
Luke Babbitt 2016,-0.486339671236,0.670699518564
Luol Deng,-0.471702413845,0.797563382704
Luol Deng 2015,-0.461915173662,0.418323897118
Luol Deng 2016,-0.171903074303,0.598636070018
Malachi Richardson,1.24745478289,1.3971337506
Malcolm Brogdon,-0.0208205873433,0.340181670389
Malcolm Delaney,0.490173620084,0.39958029144
Malik Beasley,1.04551823691,1.20362516667
Manu Ginobili,-0.0268906059396,0.259010874629
Manu Ginobili 2015,-0.301588532217,0.267266402415
Manu Ginobili 2016,0.359802505735,0.122499814079
Marc Gasol,0.478159517395,0.0580860701381
Marc Gasol 2015,0.246343611346,-0.305279760757
Marc Gasol 2016,0.407167504145,0.610820898544
Marcelo Huertas,2.51129072452,1.5044561765
Marcelo Huertas 2016,-0.176979713872,0.512462693747
Marcin Gortat,-0.363055289761,0.207325897474
Marcin Gortat 2015,-0.302120566763,0.625216155455
Marcin Gortat 2016,1.01721008753,0.214683135381
Marco Belinelli,1.07821006182,0.645911376365
Marco Belinelli 2015,0.35026472611,0.419168594648
Marco Belinelli 2016,-0.69457839395,0.212443308463
Marcus Morris,0.45613165973,0.760550994573
Marcus Morris 2015,1.31762309387,1.16586134716
Marcus Morris 2016,1.6327557613,0.773529433685
Marcus Smart,0.902471233218,0.60797800911
Marcus Smart 2015,0.629186539313,0.371666654297
Marcus Smart 2016,0.0427871272806,0.479846087728
Marcus Thornton,0.450287610648,0.740277017098
Marcus Thornton 2015,-0.794573700194,0.534978550318
Marcus Thornton 2016,0.531846658988,0.977250509788
Mario Hezonja,-1.19560353684,0.163383036244
Mario Hezonja 2016,1.55709822502,1.05756877238
Markieff Morris,-0.51300330762,0.302047547414
Markieff Morris 2015,-0.071777171285,0.409427671696
Markieff Morris 2016,0.51807879416,0.566169614646
Marquese Chriss,0.13105074569,0.791261288949
Marreese Speights,0.871919001062,0.733264178808
Marreese Speights 2015,-0.456378577714,0.377839230729
Marreese Speights 2016,0.753623151274,0.735397403173
Marshall Plumlee,1.50051490528,1.61787318555
Marvin Williams,0.154954319886,0.42237820069
Marvin Williams 2015,-0.861786405448,0.243665000729
Marvin Williams 2016,0.231014379202,0.392157756138
Mason Plumlee,0.138498354964,0.0742490993379
Mason Plumlee 2015,-0.406809813274,0.531284456405
Mason Plumlee 2016,-0.907753976873,0.298450460105
Matt Barnes,-0.0924432335002,0.573193835874
Matt Barnes 2015,1.33953256914,0.787951695196
Matt Barnes 2016,0.714034042081,0.459993992424
Matthew Dellavedova,-0.418406126301,0.328750378682
Matthew Dellavedova 2015,2.42174872444,1.26006620231
Matthew Dellavedova 2016,-0.00772154443358,0.560951236809
Maurice Harkless,-0.747020145047,-0.269406535849
Maurice Harkless 2015,3.46356258896,1.69817578274
Maurice Harkless 2016,0.751661123515,0.99631519723
Maurice Ndour,-1.12264640159,0.126225107982
Metta World Peace,0.426821462344,1.20216370333
Metta World Peace 2016,0.82721067034,0.7972002492
Meyers Leonard,-0.352346646536,0.551987658633
Meyers Leonard 2015,1.3344651784,0.912734578369
Meyers Leonard 2016,-0.376288883749,0.23355880051
Michael Beasley,0.827069921911,0.640336709791
Michael Beasley 2015,5.75611625165,2.21897814635
Michael Beasley 2016,-1.08661072811,0.0149551338128
Michael Carter-Williams,0.808986040855,0.871111575705
Michael Carter-Williams 2015,-0.753211246086,0.0317985643677
Michael Carter-Williams 2016,-1.0811663282,0.0066688478165
Michael Gbinije,-0.486755098481,0.435989911375
Michael Kidd-Gilchrist,-0.144902995978,0.251583236369
Michael Kidd-Gilchrist 2015,-0.48770302553,0.074614690342
Michael Kidd-Gilchrist 2016,-0.986039220099,0.556329860197
Mike Conley,-0.413989430719,0.449209827067
Mike Conley 2015,-0.589992164579,-0.034273989817
Mike Conley 2016,-0.484797613246,-0.121170075238
Mike Dunleavy,0.162133914686,0.629134501141
Mike Miller,-0.529778257486,0.814054898858
Mike Miller 2015,1.93767321829,1.64271327689
Mike Miller 2016,0.768537022283,1.21180402987
Mike Muscala,-1.00796072544,-0.0384377762184
Mike Muscala 2015,1.74034818413,1.31725380762
Mike Muscala 2016,-0.373287649846,0.67800039296
Mike Scott,-0.698552753073,0.553499333668
Mike Scott 2015,-0.148837266374,0.581924339952
Mike Scott 2016,-0.708995897649,0.341009683496
Miles Plumlee,-0.738279719434,0.660944479358
Miles Plumlee 2015,-0.22520878372,0.5120170163
Miles Plumlee 2016,-1.26366273243,0.0739922915188
Mindaugas Kuzminskas,-0.412430053908,0.704721652541
Mirza Teletovic,0.0287676234152,0.616259370024
Mirza Teletovic 2015,1.33298373693,0.824872654588
Mirza Teletovic 2016,-0.653992551272,0.014450235598
Monta Ellis,0.192582131715,0.28210689862
Monta Ellis 2015,0.18056746377,-0.0188726997598
Monta Ellis 2016,0.640677237405,0.419979818231
Montrezl Harrell,-0.555337461875,0.288217108635
Montrezl Harrell 2016,-0.14049343179,0.823650290848
Myles Turner,1.67740098436,0.806528640687
Myles Turner 2016,0.313441630918,0.429425046961
Nemanja Bjelica,1.50556862375,1.16790229729
Nemanja Bjelica 2016,0.176299568362,0.837015099126
Nene,-0.590266269462,0.155078956739
Nene 2015,0.29500171722,0.341458577557
Nene 2016,0.339801158641,0.301841404761
Nerlens Noel,-0.623842653121,0.494523528759
Nerlens Noel 2015,-0.45706580377,0.355801840226
Nerlens Noel 2016,-0.409951056144,-0.0657173518691
Nick Collison,0.88524575488,1.18748005605
Nick Collison 2015,-0.0406188257547,0.693340421608
Nick Collison 2016,-0.218830382353,0.684771383333
Nick Young,-0.125149748867,0.3016575036
Nick Young 2015,-0.459777372568,0.143397926343
Nick Young 2016,0.0302182869235,0.698791572022
Nicolas Batum,-0.71629488819,-0.012383149454
Nicolas Batum 2015,0.273328555924,-0.0988898845376
Nicolas Batum 2016,-0.658946850894,-0.017387608494
Nicolas Brussino,2.85790028859,1.61394995733
Nicolas Laprovittola,-0.6308464656,0.742707640708
Nik Stauskas,0.0129701605568,0.228606246074
Nik Stauskas 2015,1.0302466896,1.00160615076
Nik Stauskas 2016,-0.502298697625,0.172381912589
Nikola Jokic,-1.20547612453,-0.013893967497
Nikola Jokic 2016,-0.655404697123,0.142472721173
Nikola Mirotic,-0.384324043501,0.439149021681
Nikola Mirotic 2015,-0.81178797544,0.326964186017
Nikola Mirotic 2016,0.159453707311,0.66972051962
Nikola Vucevic,-1.05184312252,0.116546848669
Nikola Vucevic 2015,-0.053129306627,0.206258418036
Nikola Vucevic 2016,-0.0281496691688,-0.428428228008
Noah Vonleh,-1.05229505369,0.173018598753
Noah Vonleh 2015,1.54362306679,1.38897041236
Noah Vonleh 2016,-0.122428645689,0.328487857624
Norman Powell,-0.70853078605,0.544562403632
Norman Powell 2016,1.54025262952,1.36451934663
Norris Cole,-0.862150295962,0.647985605026
Okaro White,0.712275407463,1.04009127775
Omer Asik,0.181518238943,0.570576152808
Omer Asik 2015,0.457172822577,0.743006889857
Omer Asik 2016,0.55541873773,0.873924948307
Omri Casspi,-0.923020046618,0.15836595078
Omri Casspi 2015,0.246508892033,0.801624062976
Omri Casspi 2016,0.713404877532,0.317313855628
Otto Porter Jr.,1.39367046984,0.643753355544
Otto Porter Jr. 2015,-0.577466982102,0.554780871158
Otto Porter Jr. 2016,-0.480700791347,0.227175833845
PJ Tucker,-0.481201979548,-0.0566088330092
PJ Tucker 2015,-0.62807124825,0.0275313317888
PJ Tucker 2016,0.120221818492,0.501945866818
Pascal Siakam,-0.845648063108,0.191532044137
Pat Connaughton,-0.323704790317,0.718368575212
Pat Connaughton 2016,1.4644035921,1.66060638768
Patrick Beverley,-0.249551735599,0.240106985351
Patrick Beverley 2015,0.162083826547,0.22047373541
Patrick Beverley 2016,-0.136852705514,-0.0464758944912
Patrick McCaw,0.0274974857016,0.897405097349
Patrick Patterson,-0.335689614655,-0.0585828763762
Patrick Patterson 2015,-0.0603152264551,0.0527822729947
Patrick Patterson 2016,-0.338862420704,0.181782146097
Patty Mills,-0.742435568134,0.393121724936
Patty Mills 2015,-0.560084536173,-0.0181966678499
Patty Mills 2016,0.253321218742,0.71296410726
Pau Gasol,-0.578673821892,0.107246237274
Pau Gasol 2015,0.676202948099,0.536433365032
Pau Gasol 2016,0.470805536614,0.281337082736
Paul George,0.0471763147702,-0.243637854147
Paul George 2015,0.344557664414,-1.03918461831
Paul George 2016,-0.39039323261,0.140677278463
Paul Millsap,1.00247302419,0.187675318047
Paul Millsap 2015,0.346808455954,0.449611041205
Paul Millsap 2016,-0.0821128726606,0.0830189471422
Paul Pierce,1.68372626406,0.941636198274
Paul Pierce 2015,-0.00364850485307,0.35960219488
Paul Pierce 2016,-0.317319131418,0.47391890736
Paul Zipser,-0.648544677218,0.555384905924
Pierre Jackson,-1.3762479229,0.230199231454
Quincy Acy,-1.0413118196,0.250212503871
Quincy Acy 2015,1.31280749147,0.781028475407
Quincy Acy 2016,-0.482807271986,0.677140599549
Quinn Cook,-0.407277355584,0.205238210467
Rajon Rondo,-0.279203522857,0.412480151151
Rajon Rondo 2015,-0.678898388409,0.132511716547
Rajon Rondo 2016,-0.501514322199,-0.0413594997135
Rakeem Christmas,-1.16992552315,0.516625119736
Ramon Sessions,0.518150684053,0.466901607959
Ramon Sessions 2015,-0.564874512675,0.346583036453
Ramon Sessions 2016,1.04237459174,0.736790549809
Randy Foye,0.229501228418,0.5104304616
Randy Foye 2015,-0.226083660651,0.792147152742
Randy Foye 2016,1.43119248503,0.91767316513
Rashad Vaughn,1.16029372975,1.26929763402
Rashad Vaughn 2016,0.756696754051,1.13519115668
Raul Neto,-0.562217821903,0.732104195088
Raul Neto 2016,-0.461951547248,0.335645470208
Raymond Felton,-0.217997866312,0.615260305802
Raymond Felton 2015,1.04419988444,1.45279593014
Raymond Felton 2016,-0.600641221659,0.284969590805
Reggie Bullock,2.26551366487,1.41920084533
Reggie Bullock 2015,3.62304391637,1.89879887916
Reggie Bullock 2016,0.605481213253,1.19562821678
Reggie Jackson,-0.491634246524,0.249120555201
Reggie Jackson 2015,-0.946243699461,0.0742149689436
Reggie Jackson 2016,0.786422531501,0.459912816542
Reggie Williams,0.348525840123,1.30877723779
Reggie Williams 2015,0.49904140335,1.17660626827
Richard Jefferson,0.41118966479,0.711004633909
Richard Jefferson 2015,0.239337192997,0.922379502139
Richard Jefferson 2016,-0.000655358385344,0.74216799366
Richaun Holmes,0.361736865641,0.506670044909
Richaun Holmes 2016,0.050618917619,0.807403247307
Ricky Rubio,-0.53630946914,0.227661757056
Ricky Rubio 2015,-1.01543708511,0.0759275588124
Ricky Rubio 2016,-0.674721600305,0.149400719961
Robert Covington,-0.240460196647,0.375584213327
Robert Covington 2015,-0.731015278045,-0.21133761032
Robert Covington 2016,-0.235140747993,0.23804976238
Robin Lopez,0.223881240964,0.403127955193
Robin Lopez 2015,-0.232153117199,-0.0402913488084
Robin Lopez 2016,-0.128762411305,0.736458186275
Rodney Hood,-1.05053386158,-0.153934125415
Rodney Hood 2015,0.0945905486268,0.893871404048
Rodney Hood 2016,-0.260488755907,0.373989087972
Rodney McGruder,0.048703304805,0.270462175036
Rodney Stuckey,-0.860617974562,0.285385568779
Rodney Stuckey 2015,0.994297796599,0.72195435184
Rodney Stuckey 2016,-0.247138877832,0.224438993023
Ron Baker,-0.669860055555,0.255720594804
Rondae Hollis-Jefferson,-0.202114314772,0.523798094397
Rondae Hollis-Jefferson 2016,-0.823926294335,0.319889075035
Ronnie Price,-0.462648689309,0.841154661671
Ronnie Price 2015,0.135332283184,0.663667687751
Ronnie Price 2016,-0.331287411175,0.457477945826
Roy Hibbert,2.92790054277,1.22159494875
Roy Hibbert 2015,-0.810470520643,0.271593850218
Roy Hibbert 2016,-0.155019787966,0.560770127948
Rudy Gay,-0.754137911093,0.311157188114
Rudy Gay 2015,0.54080091848,-0.370608664094
Rudy Gay 2016,0.362385674387,-0.0765065148512
Rudy Gobert,0.00387888201262,0.235193956277
Rudy Gobert 2015,-0.573892650243,0.313557326406
Rudy Gobert 2016,-0.647943048152,-0.246146523116
Russell Westbrook,0.126000548691,-0.683711132201
Russell Westbrook 2015,0.388783873123,-0.0838961141125
Russell Westbrook 2016,0.476483934836,-0.464885522504
Ryan Anderson,-0.107012820137,0.316066584304
Ryan Anderson 2015,-0.16566089909,0.308773831922
Ryan Anderson 2016,-0.232009215181,0.250866682892
Ryan Kelly,-0.0394856976983,0.914587524184
Ryan Kelly 2015,0.0650130256004,0.977896117459
Ryan Kelly 2016,-0.404736684957,0.416855665347
Salah Mejri,1.4151276772,1.04310872848
Salah Mejri 2016,1.79901105693,1.43781648043
Sam Dekker,1.13496699424,0.799431303972
Sasha Vujacic,-1.13128674904,0.598410608104
Sasha Vujacic 2016,-0.314132081562,0.752893168162
Sean Kilpatrick,0.0523807364378,0.43027487631
Sean Kilpatrick 2016,-0.853270742031,0.117089592234
Semaj Christon,-0.929535099489,0.134277523878
Serge Ibaka,-0.34766992059,0.104792506769
Serge Ibaka 2015,-0.812202917133,-0.180884342316
Serge Ibaka 2016,-0.115508786558,0.0715080152722
Sergio Rodriguez,-0.802421464712,0.206744646818
Seth Curry,-0.167397393382,0.298630359974
Seth Curry 2016,1.98014790736,1.39336112384
Shabazz Muhammad,-0.724693672794,0.317829526552
Shabazz Muhammad 2015,-0.905248257697,0.0720098916732
Shabazz Muhammad 2016,-0.22861663583,0.304662276338
Shabazz Napier,1.58703808205,1.12080461964
Shabazz Napier 2015,0.105450352623,0.673748449012
Shabazz Napier 2016,1.42721702598,1.20423439142
Shaun Livingston,0.799103624001,0.352115738487
Shaun Livingston 2015,0.857608036316,0.708447578654
Shaun Livingston 2016,0.418909774517,0.49359253791
Shawn Long,-1.01194419919,-0.0631088941516
Sheldon McClellan,-0.57216556096,0.872687073296
Shelvin Mack,-0.967873456427,0.0467412433678
Shelvin Mack 2015,-0.24876302717,0.605883112722
Shelvin Mack 2016,-0.962663336612,0.185992477404
Skal Labissiere,0.7768424583,0.91175017059
Solomon Hill,3.20617403441,1.53270933507
Solomon Hill 2015,0.0510549835316,0.380068081413
Solomon Hill 2016,1.48379770922,1.18661508417
Spencer Dinwiddie,-0.0181767125042,0.18356925373
Spencer Dinwiddie 2015,0.73934473605,1.14203875279
Spencer Dinwiddie 2016,-0.347313752988,0.876355534148
Spencer Hawes,-0.824164357315,0.347779605461
Spencer Hawes 2015,-0.736126070302,0.203780435975
Spencer Hawes 2016,-0.429705273331,0.353824361941
Stanley Johnson,-0.346781648368,0.577896531999
Stanley Johnson 2016,0.608590056508,0.761340332269
Stephen Curry,0.104676174335,0.397061136168
Stephen Curry 2015,-0.481026371725,0.291343491989
Stephen Curry 2016,0.0370822519219,-0.0210421772437
Stephen Zimmerman,-1.03422602267,0.664529679051
Steve Novak,-0.251241475493,0.762824243977
Steve Novak 2015,3.938684234,2.14268508984
Steve Novak 2016,-1.11666789555,-0.0788292226485
Steven Adams,-0.38659823833,0.302018409195
Steven Adams 2015,0.0214468763671,0.696264974839
Steven Adams 2016,0.301831323067,-0.0376220918986
T.J. McConnell,-0.620256036035,0.273276876195
T.J. McConnell 2016,-0.417427437541,0.241251624198
TJ Warren,-0.865151289399,-0.224409442075
TJ Warren 2015,0.00879073967922,0.797165845514
TJ Warren 2016,1.28219193198,0.849552413867
Taj Gibson,-0.0376581091456,0.440035729332
Taj Gibson 2015,-0.279218485011,0.182054603167
Taj Gibson 2016,-0.152799969198,0.244501889041
Tarik Black,-0.222098303285,0.243975960269
Tarik Black 2015,-0.147499907323,0.484412674626
Tarik Black 2016,-0.953228781356,-0.235921167829
Taurean Prince,0.208059653931,0.946796884438
Terrence Jones,0.874045613486,0.644014318103
Terrence Jones 2015,-1.01498950421,-0.116992342396
Terrence Jones 2016,-0.986061250097,0.363280194272
Terrence Ross,-0.164452610641,0.535229466652
Terrence Ross 2015,-0.268948435797,0.10674035633
Terrence Ross 2016,0.541412716246,0.563306095608
Terry Rozier,-0.354414072804,0.441450003014
Terry Rozier 2016,1.38076335955,1.26616680558
Thabo Sefolosha,-0.320427336828,0.107734714074
Thabo Sefolosha 2015,0.121034699193,0.27836231267
Thabo Sefolosha 2016,-0.0735961608203,0.00135401477963
Thaddeus Young,-0.119562712177,0.441072414894
Thaddeus Young 2015,-0.654568781351,0.00495489974676
Thaddeus Young 2016,-0.703190277492,0.145262644712
Thomas Robinson,-1.14784152399,0.316331182411
Thomas Robinson 2015,-0.52331720298,0.530073062704
Thomas Robinson 2016,2.28365611918,1.50062194518
Thon Maker,2.61816509501,1.4386474924
Tim Frazier,0.181402997971,0.784517351678
Tim Frazier 2015,-1.40898851619,-0.0380766690993
Tim Frazier 2016,-0.506067040055,0.874050895168
Tim Hardaway Jr.,-0.66499333832,0.147076967098
Tim Hardaway Jr. 2015,-0.605051513347,0.232587680021
Tim Hardaway Jr. 2016,0.823695489395,1.03962489499
Tim Quarterman,-0.748327110713,0.0828944935053
Timofey Mozgov,-0.700103692595,0.364640179121
Timofey Mozgov 2015,-0.69559748235,0.163189971604
Timofey Mozgov 2016,0.261676084018,0.416623132966
Timothe Luwawu-Cabarrot,0.2140181921,0.782350268807
Tobias Harris,-0.766623381498,0.134521677437
Tobias Harris 2015,-0.0299253253246,-0.145929576341
Tobias Harris 2016,0.793627395741,-0.0458594016334
Tomas Satoransky,2.91078350773,1.52433539983
Toney Douglas,-0.181350268862,0.577467595513
Toney Douglas 2015,-0.586991905309,0.459818062994
Toney Douglas 2016,-0.78844672628,0.418013570888
Tony Allen,0.136613466498,0.456381876422
Tony Allen 2015,-0.291058248971,-0.0113823374372
Tony Allen 2016,0.453639845437,0.605307315032
Tony Parker,-0.906828484564,-0.00390734363229
Tony Parker 2015,-0.631983604335,0.236512268306
Tony Parker 2016,-0.415156698617,0.536369136525
Tony Snell,0.116611088404,0.457429148539
Tony Snell 2015,-0.731234327293,0.468617112453
Tony Snell 2016,1.1047214183,1.06811731892
Treveon Graham,-0.22327032974,0.880855533016
Trevor Ariza,-0.218384072237,0.524646908765
Trevor Ariza 2015,0.00458053481336,0.0770930483213
Trevor Ariza 2016,0.562046943132,0.308839572207
Trevor Booker,-0.246219624788,-0.0433311740116
Trevor Booker 2015,2.10785010085,1.07039052404
Trevor Booker 2016,0.959601414376,0.748737343083
Trey Burke,5.68305310478,1.7587753581
Trey Burke 2015,-0.429535563911,0.173074853344
Trey Burke 2016,-0.315278518092,0.012413748982
Trey Lyles,-0.641795352991,0.22260472915
Trey Lyles 2016,0.715307349372,0.91892239753
Tristan Thompson,0.442907684672,0.510926226752
Tristan Thompson 2015,-0.210926273497,0.570438020072
Tristan Thompson 2016,-0.578803342511,0.066033537938
Troy Daniels,1.42437809503,1.09805846495
Troy Daniels 2015,2.30342785726,1.58878969725
Troy Daniels 2016,3.22184853522,1.71410689372
Troy Williams,-1.66460030151,-0.0325084211351
Ty Lawson,-0.553690137937,-0.0086639189121
Ty Lawson 2015,0.0577844851974,0.163419293955
Ty Lawson 2016,0.629325134513,0.486992360934
Tyler Ennis,4.97484950712,1.77410837238
Tyler Ennis 2015,0.860164434494,1.04175643017
Tyler Ennis 2016,0.987693644214,1.16167408025
Tyler Johnson,0.0244360166759,-0.263899997906
Tyler Johnson 2015,-0.0817708220532,0.953441638261
Tyler Johnson 2016,-0.831439287121,-0.0720790034326
Tyler Ulis,-0.268742162758,0.964218357348
Tyler Zeller,1.65237504087,1.26948296278
Tyler Zeller 2015,-0.433539455374,0.363101089153
Tyler Zeller 2016,1.29879324277,1.16344853867
Tyreke Evans,0.348540471322,0.424597024664
Tyreke Evans 2015,0.0106291948768,0.136744791939
Tyreke Evans 2016,-0.67879215255,-0.529175175367
Tyson Chandler,-0.471755433116,0.474770005076
Tyson Chandler 2015,0.31119613074,0.0660487015421
Tyson Chandler 2016,0.203737366343,0.7282566199
Tyus Jones,1.09050452121,1.0181411836
Tyus Jones 2016,-0.407501412085,0.337100061863
Udonis Haslem,-1.40157366744,0.377569854181
Udonis Haslem 2015,1.27004704464,1.08942108122
Udonis Haslem 2016,0.336904115975,0.996539795332
Victor Oladipo,0.926120526271,0.100940641605
Victor Oladipo 2015,0.95057961148,0.456233771119
Victor Oladipo 2016,0.259182538514,0.218067048453
Vince Carter,0.898623198933,0.512862668133
Vince Carter 2015,0.468866621754,0.778968531781
Vince Carter 2016,-0.0566171720998,0.675393520487
Wade Baldwin IV,1.35138440242,1.26858968409
Wayne Ellington,-0.78201186684,0.0161768739148
Wayne Ellington 2015,-0.0104903672538,0.36835556605
Wayne Ellington 2016,1.28168643112,0.715313178352
Wayne Selden,-0.724433553074,0.345782861572
Wesley Johnson,0.314966174298,0.973762820762
Wesley Johnson 2015,-0.333756135963,0.333586855079
Wesley Johnson 2016,-0.0517505552205,0.394493125642
Wesley Matthews,-0.505336608327,-0.110340688443
Wesley Matthews 2015,-0.270310225628,-0.0807075770568
Wesley Matthews 2016,2.24673901776,0.851492317997
Will Barton,-0.534545840789,0.481409543761
Will Barton 2015,0.520962149121,1.0262232235
Will Barton 2016,-0.18557716826,0.0779265219888
Willie Cauley-Stein,0.295180778415,0.762402397653
Willie Cauley-Stein 2016,-0.50045285431,0.33544229266
Willie Reed,6.34994431083,2.09412129825
Willie Reed 2016,2.56032211205,1.19815608876
Willy Hernangomez,-0.779490186709,0.152916247485
Wilson Chandler,0.0657421458188,0.390917665829
Wilson Chandler 2015,-0.432240581441,0.253779504634
Yogi Ferrell,0.248331150595,0.0140132320417
Zach LaVine,-0.176343308638,0.339097112718
Zach LaVine 2015,0.0917431772087,0.674818975001
Zach LaVine 2016,-0.874246706264,-0.157097430634
Zach Randolph,0.29596291227,0.00710736564672
Zach Randolph 2015,-0.669090605757,-0.0556946766248
Zach Randolph 2016,0.313962099477,0.563964725815
Zaza Pachulia,0.0838728907463,0.422055511706
Zaza Pachulia 2015,0.914763941108,0.784511957415
Zaza Pachulia 2016,-0.838668743543,-0.264190154171
