PLAYER,TEAM,AGE,GP,W,L,MIN,PTS,FGM,FGA,FG%,3PM,3PA,3P%,FTM,FTA,FT%,OREB,DREB,REB,AST,TOV,STL,BLK,PF,DD2,TD3,+/-
Russell Westbrook,OKC,28,54,31,23,34.7,30.9,10.1,24.0,41.9,2.2,6.4,33.9,8.6,10.4,82.7,1.8,8.7,10.5,10.2,5.4,1.6,0.4,2.4,41,26,3.5
Isaiah Thomas,BOS,28,49,33,16,34.5,29.9,9.3,20.0,46.6,3.2,8.4,37.9,8.0,8.7,91.8,0.6,2.1,2.7,6.3,2.6,0.9,0.1,2.1,5,0,2.5
James Harden,HOU,27,56,39,17,36.6,28.9,8.3,18.9,43.8,3.1,9.0,34.7,9.2,10.8,85.1,1.2,7.1,8.2,11.3,5.8,1.5,0.5,2.7,44,14,5.6
DeMarcus Cousins,SAC,26,51,20,31,34.6,27.9,9.3,20.6,45.1,1.8,4.8,36.7,7.6,9.8,77.8,2.1,8.5,10.7,4.7,3.6,1.4,1.4,3.8,31,2,-0.5
DeMar DeRozan,TOR,27,47,29,18,35.5,27.9,10.0,21.3,47.1,0.4,1.5,27.1,7.4,8.8,84.7,1.0,4.3,5.3,3.8,2.3,1.2,0.2,1.9,3,0,2.2
Anthony Davis,NOP,23,49,18,31,36.1,27.6,10.1,20.1,50.1,0.5,1.6,29.5,7.0,8.8,79.5,2.3,9.8,12.1,2.2,2.6,1.3,2.5,2.3,33,0,-1.2
Damian Lillard,POR,26,49,21,28,35.8,26.1,8.5,19.3,44.1,2.6,7.3,34.7,6.4,7.1,90.3,0.7,4.2,4.9,5.8,2.6,0.7,0.3,2.3,8,0,-0.5
LeBron James,CLE,32,49,36,13,37.7,25.8,9.6,18.1,53.0,1.7,4.6,37.3,4.9,7.1,68.8,1.2,6.6,7.8,8.7,4.2,1.4,0.6,1.7,24,5,6.6
Kevin Durant,GSW,28,52,44,8,34.4,25.7,9.1,17.0,53.7,1.9,5.1,37.0,5.6,6.4,87.6,0.6,7.8,8.4,4.9,2.3,1.2,1.7,1.9,20,1,12.0
Kawhi Leonard,SAS,25,47,36,11,33.5,25.5,8.4,17.3,48.6,2.0,5.1,39.9,6.7,7.4,90.5,1.2,4.6,5.9,3.3,2.1,1.7,0.8,1.5,6,0,6.2
Stephen Curry,GSW,28,51,43,8,33.6,25.3,8.5,17.8,47.6,4.1,9.8,42.1,4.2,4.6,91.9,0.5,3.7,4.2,6.4,2.9,1.7,0.2,2.2,4,0,13.4
Jimmy Butler,CHI,27,48,25,23,36.6,24.6,7.6,16.6,45.7,1.2,3.4,34.8,8.2,9.5,86.8,1.7,4.8,6.5,4.8,2.1,1.8,0.3,1.6,7,0,2.4
Kyrie Irving,CLE,24,46,32,14,35.2,24.3,9.1,19.4,46.7,2.3,6.0,39.3,3.9,4.3,89.9,0.8,2.4,3.2,5.9,2.7,1.2,0.2,2.1,8,0,5.8
CJ McCollum,POR,25,54,23,31,34.6,23.5,8.8,18.0,48.8,2.5,6.0,41.2,3.4,3.8,89.8,0.8,2.9,3.7,3.6,2.3,1.1,0.6,2.8,1,0,-0.8
Karl-Anthony Towns,MIN,21,53,20,33,36.4,23.5,9.0,17.6,51.2,1.2,3.4,34.6,4.2,5.2,81.5,3.5,8.4,11.9,2.9,2.7,0.7,1.5,3.1,41,1,-0.8
Giannis Antetokounmpo,MIL,22,50,22,28,35.2,23.2,8.5,16.1,52.7,0.7,2.6,28.9,5.4,6.9,78.6,1.9,6.8,8.8,5.4,3.1,1.7,2.0,3.3,21,2,1.1
Carmelo Anthony,NYK,32,53,22,31,33.8,23.0,8.3,19.1,43.7,2.0,5.6,35.6,4.4,5.3,82.9,0.9,5.2,6.1,2.9,2.0,0.8,0.5,2.7,6,0,-3.2
Kyle Lowry,TOR,30,53,31,22,37.7,23.0,7.2,15.5,46.4,3.3,7.8,41.6,5.3,6.4,82.6,0.9,3.8,4.7,7.0,2.8,1.5,0.3,2.8,9,1,6.0
John Wall,WAS,26,50,31,19,36.7,23.0,8.4,18.5,45.4,1.1,3.5,31.2,5.0,6.2,81.6,0.9,3.6,4.5,10.5,4.2,2.2,0.5,2.0,32,0,4.2
Kemba Walker,CHA,26,52,24,28,33.9,22.5,8.0,17.8,44.8,2.7,6.8,39.8,3.9,4.6,83.8,0.6,3.4,4.0,5.5,2.3,1.1,0.3,1.6,6,0,2.6
Paul George,IND,26,45,26,19,35.6,22.5,7.9,17.5,45.2,2.3,6.0,37.9,4.5,4.9,91.8,0.9,5.3,6.2,3.4,2.9,1.7,0.3,2.6,4,0,3.0
Gordon Hayward,UTA,26,47,31,16,34.7,22.4,7.3,15.5,46.9,2.0,5.0,39.0,5.9,6.7,87.1,0.6,5.1,5.7,3.5,2.0,1.0,0.3,1.6,2,0,4.9
Andrew Wiggins,MIN,21,53,20,33,37.2,22.4,8.2,18.2,45.3,1.2,3.5,34.4,4.7,6.2,74.9,1.2,2.9,4.1,2.5,2.4,0.8,0.4,2.2,1,0,-0.4
Bradley Beal,WAS,23,48,30,18,34.7,22.4,7.9,16.9,47.0,2.8,7.2,39.2,3.7,4.5,82.2,0.6,2.4,3.0,3.7,2.0,1.0,0.3,2.1,0,0,5.1
Blake Griffin,LAC,27,33,21,12,33.4,21.9,8.2,16.6,49.1,0.3,0.9,30.0,5.4,7.1,75.3,2.2,6.6,8.8,4.8,2.5,1.1,0.5,2.6,13,1,6.3
Klay Thompson,GSW,27,51,43,8,34.2,21.5,8.0,17.3,46.6,3.2,7.8,40.9,2.2,2.6,85.1,0.7,3.2,3.9,2.0,1.8,0.8,0.5,1.8,0,0,11.5
Eric Bledsoe,PHX,27,53,16,37,33.1,21.2,6.9,15.7,43.9,1.5,4.7,32.5,5.8,6.9,84.9,0.9,4.1,5.0,6.1,3.2,1.4,0.4,2.7,6,0,-4.5
Devin Booker,PHX,20,52,16,36,34.8,21.1,7.5,17.8,42.0,1.8,5.1,36.1,4.3,5.2,82.9,0.6,2.2,2.8,3.2,2.9,0.9,0.3,3.2,0,0,-3.2
Marc Gasol,MEM,32,52,32,20,34.3,20.8,7.6,16.1,47.4,1.5,3.6,40.4,4.1,4.9,84.2,0.8,5.3,6.1,4.1,2.1,1.0,1.4,2.4,6,1,1.8
Harrison Barnes,DAL,24,53,21,32,35.9,20.4,8.2,17.2,47.8,1.0,3.0,34.2,2.9,3.4,84.6,1.2,4.1,5.3,1.5,1.3,0.9,0.2,1.6,1,0,-1.4
Brook Lopez,BKN,28,48,9,39,29.4,20.3,7.2,15.5,46.6,1.7,5.1,33.6,4.2,5.0,84.0,1.6,3.6,5.2,2.5,2.4,0.5,1.7,2.6,2,0,-3.4
Joel Embiid,PHI,22,31,13,18,25.4,20.2,6.5,13.8,46.6,1.2,3.2,36.7,6.2,7.9,78.3,2.0,5.9,7.8,2.1,3.8,0.9,2.5,3.6,9,0,2.2
Kevin Love,CLE,28,45,32,13,31.8,20.1,6.4,14.9,42.8,2.6,6.8,38.0,4.8,5.4,87.8,2.5,8.6,11.1,1.8,2.1,0.9,0.3,1.8,32,0,7.3
Jabari Parker,MIL,21,51,22,29,33.9,20.1,7.8,16.0,49.0,1.3,3.5,36.5,3.2,4.3,74.3,1.5,4.6,6.2,2.8,1.8,1.0,0.4,2.2,2,0,-1.7
Goran Dragic,MIA,30,45,22,23,34.2,20.0,7.2,15.0,48.2,1.7,3.9,44.3,3.8,4.9,77.5,0.8,3.2,3.9,6.5,3.1,1.0,0.2,2.8,4,0,-0.8
Dwyane Wade,CHI,35,47,23,24,30.4,19.1,7.2,16.6,43.4,0.8,2.5,32.2,4.0,5.0,79.5,1.1,3.4,4.5,3.9,2.2,1.6,0.7,1.9,1,0,0.0
Mike Conley,MEM,29,43,25,18,32.5,19.1,6.3,14.2,44.1,2.3,5.7,40.7,4.2,4.9,86.2,0.5,3.1,3.6,6.2,2.3,1.3,0.3,1.7,5,0,3.1
Zach LaVine,MIN,21,47,16,31,37.2,18.9,6.9,15.1,45.9,2.6,6.6,38.7,2.5,3.0,83.6,0.4,3.0,3.4,3.0,1.8,0.9,0.2,2.2,0,0,-2.5
Rudy Gay,SAC,30,30,11,19,33.8,18.7,6.7,14.7,45.5,1.4,3.8,37.2,3.9,4.6,85.5,1.2,5.2,6.3,2.8,2.5,1.5,0.9,2.6,4,0,2.3
Kristaps Porzingis,NYK,21,46,20,26,33.0,18.6,6.8,15.1,45.0,1.9,5.0,38.0,3.1,3.9,77.9,1.7,5.4,7.2,1.3,1.8,0.7,1.9,3.9,9,0,-1.3
Lou Williams,LAL,30,55,18,37,24.3,18.3,5.5,12.6,43.8,2.0,5.4,37.7,5.2,5.9,88.3,0.2,2.1,2.3,3.1,2.1,1.1,0.2,1.1,0,0,0.3
Paul Millsap,ATL,32,50,31,19,34.0,17.9,6.4,14.4,44.2,1.2,3.7,32.8,4.0,5.3,75.2,1.7,6.3,8.0,3.8,2.2,1.4,0.9,2.7,13,0,2.6
George Hill,UTA,30,29,22,7,31.6,17.7,6.2,12.8,48.5,2.0,4.9,40.6,3.3,4.2,79.3,0.6,3.0,3.5,4.1,1.4,1.0,0.3,2.4,0,0,8.0
Avery Bradley,BOS,26,36,22,14,34.9,17.7,7.1,15.0,47.5,2.1,5.2,40.9,1.3,1.8,76.2,1.1,5.8,6.9,2.4,1.8,1.3,0.2,2.7,9,0,0.0
Derrick Rose,NYK,28,45,20,25,32.2,17.6,7.2,15.7,45.7,0.3,1.2,24.1,3.0,3.5,86.7,1.2,2.8,4.0,4.5,2.5,0.7,0.4,1.5,2,0,-2.2
Chris Paul,LAC,31,36,27,9,30.9,17.5,5.8,12.3,47.1,1.9,4.9,39.5,3.9,4.5,87.6,0.7,4.6,5.3,9.7,2.4,2.3,0.1,2.4,16,1,10.0
Dennis Schroder,ATL,23,53,31,22,30.7,17.4,6.7,14.6,46.1,1.2,3.5,34.4,2.8,3.3,83.4,0.5,2.4,2.9,6.3,3.1,0.8,0.2,1.7,9,0,-1.3
LaMarcus Aldridge,SAS,31,47,36,11,32.3,17.4,6.8,14.0,48.3,0.3,0.8,43.2,3.5,4.3,81.3,2.2,5.1,7.3,2.2,1.4,0.6,1.1,2.3,11,0,4.1
Eric Gordon,HOU,28,51,36,15,30.5,17.3,5.9,14.1,42.0,3.5,9.2,38.7,1.9,2.3,83.6,0.3,2.4,2.7,2.8,1.8,0.6,0.5,2.0,0,0,5.1
Danilo Gallinari,DEN,28,44,20,24,34.2,17.2,5.0,11.6,43.2,1.8,4.8,38.1,5.4,6.0,88.7,0.5,4.4,4.9,2.2,1.4,0.6,0.3,1.5,2,0,0.7
Hassan Whiteside,MIA,27,48,21,27,33.0,17.1,7.3,12.9,56.2,0.0,0.0,0.0,2.6,4.6,55.7,3.7,10.3,14.0,0.7,2.1,0.8,2.0,3.0,33,0,-0.4
Evan Fournier,ORL,24,42,15,27,33.1,16.8,5.9,13.6,43.4,1.7,4.8,35.0,3.3,4.0,84.3,0.7,2.6,3.3,3.4,2.3,1.0,0.1,2.8,1,0,-3.2
Tobias Harris,DET,24,53,25,28,32.0,16.4,6.4,13.2,48.5,1.3,3.9,33.8,2.3,2.6,88.3,0.5,4.6,5.1,1.7,1.3,0.7,0.5,1.6,3,0,-1.0
Victor Oladipo,OKC,24,45,26,19,33.9,16.2,6.2,14.1,44.2,1.9,5.5,35.2,1.8,2.4,73.6,0.6,3.9,4.5,2.6,1.5,1.3,0.4,2.3,2,0,2.3
Jrue Holiday,NOP,26,38,18,20,31.9,16.0,6.2,13.6,45.8,1.6,4.0,39.2,2.0,2.9,68.8,0.7,3.2,3.9,7.2,2.9,1.4,0.6,2.4,9,0,-0.9
Jeff Teague,IND,28,52,29,23,32.7,15.9,5.1,11.3,45.0,1.0,2.8,35.1,4.7,5.5,85.0,0.4,3.7,4.1,8.2,2.9,1.5,0.5,2.2,12,0,0.7
Wilson Chandler,DEN,29,48,22,26,30.7,15.6,6.0,13.4,45.1,1.5,4.3,34.6,2.1,2.9,73.0,1.5,5.2,6.8,2.1,1.7,0.8,0.4,2.4,6,0,-1.6
Reggie Jackson,DET,26,32,14,18,28.7,15.6,5.8,13.8,42.5,1.3,3.8,35.2,2.6,3.0,84.5,0.5,2.0,2.4,5.6,2.4,0.7,0.1,2.8,4,0,-3.1
Myles Turner,IND,20,51,29,22,30.7,15.5,5.8,11.1,52.5,0.6,1.7,38.4,3.2,4.0,80.1,1.5,5.7,7.3,1.0,1.4,0.8,2.2,3.2,10,0,2.9
Nikola Jokic,DEN,21,45,21,24,26.1,15.5,6.3,10.7,58.8,0.6,1.7,34.7,2.4,2.9,82.4,3.0,5.6,8.5,4.2,2.0,0.7,0.8,3.1,20,1,2.8
Dion Waiters,MIA,25,32,17,15,30.6,15.5,6.0,14.4,41.6,1.7,4.3,39.0,1.8,2.8,66.3,0.4,3.0,3.4,4.2,2.1,0.9,0.5,2.2,0,0,1.5
JJ Redick,LAC,32,50,31,19,28.5,15.4,5.3,11.9,44.4,2.6,6.1,42.3,2.2,2.5,88.0,0.2,2.0,2.2,1.3,1.3,0.7,0.1,1.6,0,0,5.2
Wesley Matthews,DAL,30,50,20,30,35.5,15.3,5.2,12.9,40.4,2.7,7.2,38.3,2.2,2.7,82.1,0.2,3.3,3.6,2.4,1.4,1.1,0.2,2.2,0,0,-2.9
Serge Ibaka,ORL,27,54,20,34,30.7,15.2,6.1,12.7,48.5,1.5,3.9,38.7,1.4,1.6,84.3,1.7,5.1,6.9,1.1,1.2,0.6,1.6,2.5,8,0,-3.0
Al Horford,BOS,30,41,27,14,33.1,14.9,5.9,12.9,45.6,1.5,4.4,34.4,1.6,2.0,81.7,1.4,5.3,6.7,5.1,1.6,0.7,1.6,2.2,6,0,2.9
Nicolas Batum,CHA,28,50,23,27,34.6,14.9,5.0,12.3,40.5,1.7,4.9,35.2,3.2,3.8,84.6,0.7,6.5,7.3,6.1,2.7,1.1,0.4,1.6,13,1,1.0
Andre Drummond,DET,23,52,24,28,30.5,14.8,6.4,12.0,53.9,0.0,0.1,33.3,1.8,4.3,43.2,4.0,9.8,13.8,1.1,2.1,1.7,1.3,2.9,34,0,-2.6
Ersan Ilyasova,PHI,29,53,22,31,27.4,14.7,5.3,12.0,44.3,2.0,5.6,36.1,2.0,2.6,78.1,1.3,4.6,5.9,1.7,1.5,0.6,0.3,2.4,9,0,-1.4
Otto Porter,WAS,23,52,31,21,34.0,14.5,5.6,10.5,53.3,2.1,4.5,46.4,1.2,1.6,78.0,1.3,5.3,6.7,1.6,0.7,1.5,0.6,2.5,9,0,3.3
Enes Kanter,OKC,24,47,28,19,21.6,14.4,5.6,10.0,56.3,0.1,0.7,16.1,3.0,3.8,78.9,2.6,4.1,6.7,1.0,1.6,0.4,0.7,2.2,12,0,0.8
Bojan Bogdanovic,BKN,27,52,9,43,26.9,14.4,4.9,11.2,44.1,1.8,5.1,36.1,2.7,3.1,87.5,0.4,3.1,3.5,1.7,1.7,0.5,0.1,1.8,0,0,-5.8
Markieff Morris,WAS,27,50,29,21,32.1,14.4,5.4,12.1,44.4,0.9,2.7,33.6,2.7,3.3,81.8,1.5,5.3,6.8,1.8,1.9,1.1,0.6,3.4,7,0,3.6
Marcus Morris,DET,27,52,25,27,32.9,14.2,5.4,12.8,42.5,1.6,4.7,33.7,1.8,2.2,80.0,0.9,3.6,4.5,2.1,1.1,0.8,0.3,2.0,3,0,1.1
Kentavious Caldwell-Pope,DET,23,48,22,26,33.6,14.2,5.0,12.1,41.3,2.1,5.5,39.2,2.1,2.5,82.6,0.8,2.6,3.4,2.9,1.2,1.4,0.2,1.7,1,0,1.1
Zach Randolph,MEM,35,47,28,19,24.4,14.2,6.1,13.3,45.6,0.3,1.3,26.2,1.7,2.2,74.3,2.4,5.9,8.3,1.7,1.2,0.5,0.1,2.0,13,0,2.0
D'Angelo Russell,LAL,20,39,15,24,26.5,14.2,5.0,12.7,39.4,1.9,5.6,33.9,2.3,3.0,75.9,0.6,3.2,3.8,4.8,2.6,1.2,0.3,2.0,2,0,-2.4
Nikola Vucevic,ORL,26,52,19,33,28.5,14.1,6.3,13.2,48.2,0.3,1.0,28.0,1.2,1.9,61.0,2.2,7.7,9.9,2.9,1.7,0.9,1.0,2.4,24,0,-2.1
Jae Crowder,BOS,26,44,30,14,32.5,14.0,4.8,10.0,47.6,2.3,5.6,41.5,2.1,2.4,88.6,0.6,4.7,5.3,2.2,1.0,1.1,0.3,2.2,2,0,5.0
Jeremy Lin,BKN,28,12,3,9,25.0,13.9,5.1,10.8,46.9,1.3,4.0,33.3,2.4,3.4,70.7,0.2,3.1,3.3,5.8,2.7,1.4,0.6,1.0,2,0,-4.3
Nick Young,LAL,31,48,17,31,26.4,13.8,4.8,10.7,44.3,2.9,7.0,41.3,1.4,1.6,84.8,0.5,1.9,2.4,1.0,0.6,0.6,0.3,2.4,0,0,-2.3
Jordan Clarkson,LAL,24,55,18,37,27.4,13.8,5.5,12.2,45.0,1.2,3.7,32.7,1.5,1.9,80.0,0.7,2.2,2.9,2.1,1.9,1.2,0.1,1.8,0,0,-4.2
Sean Kilpatrick,BKN,27,52,8,44,26.3,13.7,4.6,10.9,42.0,1.6,4.4,35.5,2.9,3.5,83.6,0.3,3.8,4.1,2.3,2.3,0.7,0.1,1.9,3,0,-4.6
Ryan Anderson,HOU,28,53,37,16,30.8,13.7,4.5,10.8,42.1,2.7,6.8,40.1,1.9,2.2,86.2,1.6,3.4,5.0,1.0,0.9,0.5,0.2,2.1,2,0,5.7
Rodney Hood,UTA,24,40,27,13,28.6,13.7,5.1,12.1,42.0,2.1,5.6,36.6,1.5,1.9,75.3,0.3,3.3,3.6,1.9,1.2,0.6,0.2,2.3,0,0,3.8
Dwight Howard,ATL,31,48,27,21,29.4,13.6,5.4,8.3,64.4,0.0,0.0,0.0,2.9,5.3,55.7,4.3,8.6,12.9,1.3,2.1,0.9,1.2,2.9,34,0,0.0
Tyler Johnson,MIA,24,45,18,27,30.5,13.6,4.9,11.6,42.3,1.3,3.5,36.3,2.6,3.5,74.5,0.6,3.6,4.2,3.2,1.0,1.2,0.8,2.5,0,0,-1.8
Deron Williams,DAL,32,37,14,23,30.1,13.5,5.1,11.7,43.3,1.6,4.6,35.1,1.8,2.2,81.7,0.4,2.3,2.7,7.1,2.4,0.5,0.1,2.4,3,0,-1.5
Will Barton,DEN,26,38,19,19,28.6,13.5,4.8,10.7,45.1,1.4,3.6,38.5,2.5,3.3,75.4,1.0,3.4,4.4,3.3,1.7,0.9,0.5,1.9,0,0,-2.7
Darren Collison,SAC,29,45,18,27,30.3,13.4,5.1,10.6,48.2,1.2,2.9,42.3,2.0,2.3,86.3,0.4,1.6,2.0,4.0,1.5,1.0,0.1,1.9,0,0,-1.4
Dirk Nowitzki,DAL,38,27,12,15,26.0,13.3,4.9,12.0,41.0,1.4,3.9,37.1,2.0,2.4,85.9,0.5,5.4,5.9,1.5,0.9,0.6,0.7,2.1,2,0,-1.2
TJ Warren,PHX,23,40,12,28,29.2,13.1,5.4,12.0,45.3,0.4,1.8,24.3,1.8,2.3,78.3,1.7,2.2,3.9,1.0,0.8,1.2,0.4,2.7,0,0,-4.0
Rudy Gobert,UTA,24,54,34,20,33.7,13.0,4.5,7.0,64.9,0.0,0.0,0.0,3.9,5.9,66.0,3.8,8.8,12.6,1.1,1.8,0.7,2.5,3.0,36,0,5.9
Julius Randle,LAL,22,47,16,31,28.4,12.9,5.0,10.3,48.9,0.1,0.5,22.7,2.7,3.8,71.5,1.8,6.3,8.1,3.6,2.5,0.7,0.4,3.4,10,2,-4.2
Gary Harris,DEN,22,28,13,15,28.0,12.9,4.8,10.3,46.7,1.4,3.6,39.2,1.9,2.4,76.5,0.8,2.2,3.0,2.7,1.3,1.1,0.2,1.7,0,0,0.9
Tim Hardaway Jr.,ATL,24,51,30,21,24.4,12.6,4.7,10.5,44.4,1.7,5.0,34.8,1.5,2.2,69.6,0.3,2.1,2.4,2.1,1.1,0.6,0.2,1.2,0,0,3.3
Elfrid Payton,ORL,22,55,20,35,29.2,12.5,5.2,11.3,45.8,0.6,2.2,26.8,1.5,2.4,65.4,0.8,3.0,3.8,5.8,2.1,1.2,0.5,2.1,6,0,-3.3
Jamal Crawford,LAC,36,53,32,21,26.9,12.4,4.5,11.2,40.3,1.3,4.0,33.8,2.0,2.3,86.1,0.2,1.5,1.7,2.9,1.8,0.7,0.2,1.4,0,0,0.4
Jonas Valanciunas,TOR,24,52,31,21,27.0,12.3,4.9,9.2,53.8,0.0,0.0,0.0,2.4,2.9,85.2,2.9,6.9,9.9,0.8,1.4,0.5,0.8,2.8,20,0,2.1
DeAndre Jordan,LAC,28,53,32,21,31.4,12.3,4.8,6.9,69.8,0.0,0.0,0.0,2.7,5.3,50.5,3.6,10.1,13.7,1.2,1.5,0.5,1.7,2.7,22,0,3.7
Steven Adams,OKC,23,52,31,21,31.0,12.3,5.1,8.8,57.9,0.0,0.0,0.0,2.1,3.1,68.5,3.4,4.5,8.0,1.2,2.0,1.1,1.1,2.4,11,0,3.4
J.J. Barea,DAL,32,18,6,12,24.7,12.2,4.5,10.7,42.2,1.4,4.1,35.1,1.7,1.8,93.9,0.3,2.6,2.9,4.9,1.7,0.5,0.1,0.7,0,0,-0.8
Clint Capela,HOU,22,41,28,13,23.6,12.0,5.4,8.4,64.2,0.0,0.0,0.0,1.3,2.6,48.6,2.4,5.2,7.7,0.9,1.3,0.5,1.4,2.6,8,0,0.2
Austin Rivers,LAC,24,51,30,21,28.0,12.0,4.3,9.9,43.6,1.5,3.9,38.5,1.8,2.6,69.7,0.3,1.8,2.1,2.9,1.5,0.7,0.2,2.5,0,0,-1.1
Trevor Ariza,HOU,31,56,39,17,34.7,11.9,4.2,10.1,41.3,2.6,7.2,35.8,1.0,1.4,71.8,0.7,4.8,5.5,2.3,0.9,1.9,0.3,1.6,1,0,5.0
Marcin Gortat,WAS,32,52,31,21,34.7,11.9,5.2,8.8,59.4,0.0,0.0,0.0,1.4,2.1,68.2,3.2,8.3,11.5,1.6,1.6,0.6,1.0,3.0,30,0,3.9
Taj Gibson,CHI,31,51,25,26,27.5,11.8,5.1,9.8,51.9,0.0,0.2,18.2,1.6,2.3,70.4,2.2,4.8,7.0,1.1,1.4,0.5,1.0,2.3,11,0,-0.3
Emmanuel Mudiay,DEN,20,44,19,25,28.1,11.8,4.1,11.0,36.9,1.1,3.6,30.8,2.5,3.2,77.5,0.6,2.9,3.5,4.2,2.5,0.8,0.3,1.9,1,0,-3.2
James Johnson,MIA,29,48,23,25,26.1,11.7,4.4,9.2,48.2,1.2,3.4,36.0,1.7,2.4,69.8,0.9,4.0,4.9,3.3,2.2,0.9,1.0,2.6,2,0,-0.4
Pau Gasol,SAS,36,39,30,9,26.4,11.7,4.8,9.4,51.0,0.5,1.1,46.5,1.7,2.6,64.4,1.5,6.4,7.9,2.7,1.3,0.4,1.2,1.7,6,0,3.7
Seth Curry,DAL,26,49,20,29,28.1,11.7,4.4,9.5,46.8,1.8,4.3,41.6,1.0,1.2,80.0,0.4,2.1,2.5,2.7,1.3,1.2,0.1,1.9,1,0,-0.6
Jahlil Okafor,PHI,21,37,10,27,23.2,11.6,4.8,9.4,51.3,0.0,0.0,0.0,2.0,3.2,62.2,1.6,3.2,4.8,1.0,1.5,0.4,1.0,2.4,1,0,-7.4
Thaddeus Young,IND,28,49,27,22,31.1,11.5,4.9,9.5,52.2,0.9,2.3,39.6,0.7,1.3,57.1,1.5,4.6,6.1,1.7,1.5,1.8,0.5,1.9,4,0,0.3
Terrence Jones,NOP,25,51,19,32,24.8,11.5,4.5,9.6,47.2,0.4,1.5,25.3,2.0,3.3,60.6,1.3,4.7,5.9,1.2,0.9,0.8,1.0,1.3,6,0,-1.0
Robert Covington,PHI,26,47,19,28,31.1,11.3,3.8,10.2,37.6,1.8,5.9,30.9,1.9,2.3,79.1,1.4,4.7,6.1,1.6,1.9,1.8,0.9,3.0,7,0,-2.5
Brandon Knight,PHX,25,50,14,36,21.3,11.3,3.9,9.9,39.8,0.9,2.6,33.1,2.6,3.0,86.6,0.5,1.8,2.3,2.4,1.7,0.5,0.1,1.7,0,0,-6.1
Marvin Williams,CHA,30,47,20,27,28.0,11.3,4.0,9.8,41.1,1.8,5.0,35.9,1.4,1.7,84.0,0.9,4.7,5.7,1.2,0.7,0.7,0.5,1.6,3,0,0.4
Tony Parker,SAS,34,39,29,10,25.8,11.2,4.7,9.7,48.4,0.4,1.0,40.0,1.4,1.8,77.1,0.2,1.7,2.0,4.6,1.4,0.5,0.1,1.6,0,0,3.8
Aaron Gordon,ORL,21,54,20,34,27.5,11.2,4.3,10.1,42.9,1.0,3.5,29.6,1.5,2.4,64.1,1.3,3.2,4.5,1.9,1.0,0.7,0.4,2.1,2,0,-2.6
Josh Richardson,MIA,23,28,7,21,31.3,11.2,4.4,11.1,39.4,1.6,5.1,31.3,0.9,1.2,73.5,0.5,2.8,3.3,2.8,1.5,1.0,0.5,2.6,0,0,-2.6
Wayne Ellington,MIA,29,33,17,16,26.5,11.2,4.1,9.7,42.1,2.2,6.2,35.8,0.8,0.9,89.7,0.2,1.7,1.9,1.4,0.4,0.7,0.1,1.3,0,0,0.5
Jon Leuer,DET,27,47,23,24,26.7,11.1,4.5,8.8,51.1,0.8,2.5,33.1,1.3,1.5,88.7,1.4,4.3,5.7,1.8,0.9,0.5,0.4,2.1,2,0,1.4
Mason Plumlee,POR,26,54,23,31,28.1,11.1,4.4,8.2,53.2,0.0,0.1,0.0,2.4,4.1,56.7,2.2,5.8,8.0,4.0,1.6,0.9,1.2,2.8,14,0,0.4
Kent Bazemore,ATL,27,51,29,22,27.4,11.0,4.1,10.2,40.1,1.3,3.7,34.0,1.6,2.2,72.3,0.6,2.5,3.1,2.6,1.7,1.3,0.6,2.2,1,0,-1.1
Jerryd Bayless,PHI,28,3,1,2,23.8,11.0,3.7,10.7,34.4,0.7,1.7,40.0,3.0,3.3,90.0,1.0,3.0,4.0,4.3,3.0,0.0,0.0,1.3,0,0,-7.0
Greg Monroe,MIL,26,50,22,28,21.3,11.0,4.4,8.4,51.9,0.0,0.0,0.0,2.3,3.1,72.0,2.0,4.7,6.7,2.1,1.5,1.2,0.5,1.8,11,0,1.6
Marco Belinelli,CHA,30,48,22,26,24.6,10.9,3.8,8.6,43.9,1.5,3.9,38.1,1.9,2.1,88.3,0.2,2.3,2.5,1.9,0.9,0.6,0.1,1.4,1,0,-0.3
Justise Winslow,MIA,20,18,4,14,34.7,10.9,4.4,12.6,35.4,0.4,1.9,20.0,1.6,2.6,61.7,1.3,3.9,5.2,3.7,1.8,1.4,0.3,2.9,1,0,-0.3
CJ Miles,IND,29,46,26,20,23.0,10.8,3.7,8.6,43.7,2.2,5.3,42.1,1.1,1.3,86.7,0.3,2.7,3.0,0.6,0.5,0.6,0.4,2.0,0,0,1.7
Cody Zeller,CHA,24,39,22,17,26.8,10.8,4.2,7.2,58.7,0.0,0.0,0.0,2.4,3.4,69.2,2.3,4.2,6.5,1.4,1.3,0.8,1.1,3.2,3,0,4.5
Draymond Green,GSW,26,49,41,8,33.3,10.7,3.8,8.6,44.3,1.2,3.6,33.3,1.8,2.8,66.2,1.5,6.9,8.4,7.3,2.4,1.9,1.5,2.9,13,3,11.5
Allen Crabbe,POR,24,54,23,31,28.5,10.6,3.8,8.1,46.3,1.6,3.6,43.1,1.5,1.7,87.2,0.3,2.5,2.8,1.3,0.8,0.6,0.2,2.2,0,0,-3.5
Maurice Harkless,POR,23,50,21,29,29.0,10.5,4.3,8.9,47.8,1.0,3.1,33.1,0.9,1.4,67.1,1.6,3.0,4.6,1.0,1.2,1.2,0.9,2.7,2,0,-0.5
Terrence Ross,TOR,26,53,31,22,22.4,10.4,3.9,8.9,44.0,1.8,4.8,37.4,0.8,0.9,82.0,0.3,2.3,2.5,0.8,0.6,1.0,0.4,1.5,0,0,3.1
Dario Saric,PHI,22,53,19,34,24.1,10.3,3.7,9.6,38.9,1.3,3.8,34.0,1.6,2.1,77.1,1.3,4.4,5.7,1.7,1.9,0.6,0.2,1.7,4,0,-3.5
Gorgui Dieng,MIN,27,53,20,33,31.9,10.3,4.3,8.3,52.0,0.2,0.4,34.8,1.5,1.9,78.0,2.3,5.5,7.8,1.9,1.4,0.9,1.1,3.2,7,0,0.7
Frank Kaminsky,CHA,23,51,22,29,24.3,10.3,3.8,9.8,38.7,1.3,4.2,30.2,1.4,1.8,76.3,0.8,3.5,4.4,2.0,1.0,0.7,0.4,1.6,1,0,0.0
Marcus Smart,BOS,22,50,32,18,30.8,10.1,3.4,9.3,36.7,1.2,4.0,31.0,2.1,2.7,77.4,1.0,2.9,3.9,4.6,2.0,1.6,0.4,2.3,1,0,3.2
Courtney Lee,NYK,31,49,20,29,31.1,10.1,3.9,8.6,45.2,1.4,3.5,41.8,0.9,1.0,84.0,0.8,2.4,3.2,2.0,0.7,0.9,0.3,1.8,0,0,-2.9
Trevor Booker,BKN,29,48,8,40,26.2,10.0,4.3,8.3,51.9,0.3,1.1,28.3,1.1,1.8,64.7,2.1,6.5,8.7,2.3,1.8,1.3,0.5,2.2,15,0,-6.7
Marreese Speights,LAC,29,53,32,21,16.6,10.0,3.3,7.3,45.1,1.4,3.6,40.2,2.0,2.3,87.7,1.2,3.5,4.7,0.9,0.7,0.3,0.5,2.9,3,0,0.5
Kenneth Faried,DEN,27,47,22,25,22.3,9.9,3.7,6.6,56.6,0.0,0.1,0.0,2.4,3.6,68.9,3.2,4.8,8.0,0.9,1.0,0.7,0.7,2.1,10,0,-1.6
Kyle Korver,CLE,35,48,24,24,27.0,9.8,3.5,7.6,45.8,2.2,5.1,43.9,0.6,0.7,88.6,0.1,2.6,2.8,1.8,1.1,0.6,0.3,1.5,0,0,-3.1
Patty Mills,SAS,28,51,40,11,21.5,9.8,3.5,7.8,45.6,1.8,4.1,43.5,0.9,1.1,85.7,0.3,1.6,1.9,3.3,1.3,0.8,0.0,1.4,0,0,5.7
E'Twaun Moore,NOP,27,49,19,30,24.8,9.8,4.0,8.7,46.0,1.2,3.0,40.0,0.6,0.9,73.8,0.5,1.7,2.2,2.2,1.0,0.7,0.5,1.9,0,0,-1.8
Doug McDermott,CHI,25,40,20,20,24.1,9.7,3.6,8.2,44.0,1.2,3.3,36.9,1.3,1.5,86.9,0.4,2.7,3.0,1.1,0.8,0.3,0.1,1.3,1,0,0.9
Evan Turner,POR,28,50,23,27,26.2,9.7,3.9,8.9,43.5,0.6,2.0,28.3,1.4,1.6,85.4,0.5,3.3,3.8,3.4,1.6,0.8,0.3,1.8,2,0,-3.6
Robin Lopez,CHI,28,53,26,27,28.3,9.7,4.4,8.9,49.5,0.0,0.0,0.0,0.9,1.3,67.1,3.4,3.6,6.9,0.9,1.0,0.2,1.6,1.9,6,0,0.4
DeMarre Carroll,TOR,30,49,29,20,26.6,9.7,3.4,8.2,41.1,1.7,4.7,35.4,1.3,1.6,78.5,0.9,3.0,3.9,0.9,0.8,1.2,0.4,2.0,1,0,2.2
Tyreke Evans,NOP,27,23,11,12,17.7,9.7,3.5,8.8,39.9,0.9,2.8,32.3,1.7,2.1,79.6,0.3,3.0,3.2,3.6,1.4,0.8,0.1,1.5,0,0,-3.0
Montrezl Harrell,HOU,23,44,32,12,19.5,9.6,4.1,6.3,65.2,0.0,0.1,33.3,1.3,2.1,64.1,1.5,2.4,3.9,1.2,0.9,0.4,0.8,2.0,2,0,3.7
Gerald Henderson,PHI,29,48,17,31,23.8,9.6,3.5,7.7,45.9,0.8,2.1,38.8,1.7,2.0,83.5,0.4,2.0,2.5,1.7,0.9,0.6,0.2,1.7,0,0,-4.1
Patrick Beverley,HOU,28,42,30,12,31.1,9.5,3.6,8.3,43.2,1.6,4.4,37.7,0.7,0.9,80.6,1.3,4.4,5.7,4.5,1.5,1.5,0.4,3.3,3,0,4.7
Yogi Ferrell,DAL,23,17,6,11,23.4,9.5,3.1,7.7,40.5,1.5,3.8,38.5,1.8,2.2,81.1,0.4,1.5,1.9,2.9,1.5,0.9,0.2,1.5,0,0,-2.8
Jeff Green,ORL,30,53,20,33,23.2,9.4,3.2,8.2,38.7,0.9,2.9,29.5,2.2,2.5,85.7,0.6,2.5,3.1,1.2,1.2,0.5,0.2,1.4,1,0,-3.8
Tony Allen,MEM,35,47,27,20,28.1,9.4,4.0,8.6,46.2,0.1,0.7,22.6,1.3,2.1,62.2,2.3,3.3,5.6,1.2,1.5,1.8,0.5,2.6,5,0,0.4
Derrick Favors,UTA,25,37,25,12,23.3,9.4,3.9,8.2,46.9,0.1,0.2,25.0,1.6,2.4,64.4,1.7,4.5,6.2,1.1,1.2,0.9,0.8,2.2,4,0,1.8
Shabazz Muhammad,MIN,24,49,18,31,19.8,9.3,3.4,7.2,46.8,0.8,1.9,45.1,1.7,2.2,79.4,1.0,1.9,2.9,0.4,0.7,0.3,0.1,1.2,0,0,-0.2
Jeremy Lamb,CHA,24,33,15,18,17.4,9.2,3.4,7.8,43.6,0.5,2.3,23.4,1.9,2.3,82.7,0.5,4.2,4.7,1.1,0.7,0.3,0.4,1.4,1,0,-0.1
Michael Kidd-Gilchrist,CHA,23,52,24,28,29.5,9.2,3.6,7.9,45.6,0.0,0.2,12.5,1.9,2.5,75.8,2.1,5.4,7.4,1.4,0.7,0.8,1.0,2.2,9,0,0.6
Malcolm Brogdon,MIL,24,51,22,29,25.6,9.2,3.5,7.9,43.6,1.0,2.3,41.9,1.3,1.5,84.6,0.6,2.1,2.7,4.2,1.5,1.2,0.1,1.8,1,1,1.6
JaMychal Green,MEM,26,53,32,21,29.0,9.2,3.3,6.8,48.3,0.7,1.9,37.9,1.9,2.4,80.0,2.3,5.1,7.3,1.3,1.2,0.7,0.5,3.5,7,0,0.5
Lance Stephenson,MIN,26,7,1,6,26.0,9.1,4.1,8.9,46.8,0.1,1.4,10.0,0.7,1.1,62.5,0.4,2.7,3.1,4.3,1.7,0.3,0.1,2.6,0,0,-0.7
Channing Frye,CLE,33,45,30,15,18.1,9.1,3.2,7.2,44.0,1.9,4.6,41.8,0.8,1.0,82.6,0.6,3.0,3.6,0.6,0.7,0.4,0.5,1.8,1,0,-0.4
Nikola Mirotic,CHI,25,47,24,23,22.6,9.1,3.1,8.2,38.2,1.5,4.9,30.0,1.4,1.8,77.1,0.7,4.4,5.2,0.9,1.1,0.7,0.8,1.8,4,0,1.3
Ty Lawson,SAC,29,51,20,31,24.6,9.0,3.2,7.3,43.6,0.5,1.8,29.0,2.1,2.6,80.9,0.6,2.0,2.6,4.5,1.8,1.1,0.1,1.5,0,0,-0.9
Tim Frazier,NOP,26,39,14,25,25.6,9.0,3.2,7.4,42.9,0.7,2.1,34.9,1.9,2.4,81.5,0.5,2.4,2.9,6.0,1.9,0.9,0.2,2.4,7,1,-2.1
Jodie Meeks,ORL,29,24,10,14,21.7,8.9,2.9,7.0,41.7,1.5,3.7,40.4,1.6,1.8,90.5,0.1,2.1,2.3,1.5,1.0,1.2,0.1,1.2,0,0,-2.2
Nik Stauskas,PHI,23,51,18,33,27.0,8.9,3.0,7.4,40.4,1.6,4.2,37.6,1.4,1.6,83.1,0.2,2.4,2.7,2.3,1.5,0.5,0.4,1.9,0,0,-2.7
Brandon Jennings,NYK,27,54,22,32,24.9,8.9,2.9,7.5,38.9,1.2,3.5,34.2,1.8,2.4,75.4,0.4,2.3,2.6,4.9,1.9,1.0,0.1,1.4,3,0,-1.6
Kelly Olynyk,BOS,25,46,30,16,20.9,8.8,3.3,6.7,49.8,1.0,2.8,35.7,1.1,1.6,72.2,0.9,3.7,4.6,1.9,1.2,0.7,0.4,2.6,0,0,0.5
Troy Daniels,MEM,25,40,23,17,17.5,8.8,3.0,7.6,39.1,2.1,5.3,39.3,0.8,1.0,82.5,0.3,1.0,1.3,0.7,0.7,0.3,0.1,1.5,0,0,2.4
Ricky Rubio,MIN,26,47,17,30,31.7,8.7,2.6,6.9,38.5,0.7,2.5,29.3,2.7,3.1,87.7,1.0,2.8,3.7,8.2,2.3,1.7,0.1,2.6,9,0,-1.6
Michael Beasley,MIL,28,43,17,26,16.0,8.7,3.5,6.8,51.4,0.3,0.7,43.8,1.4,2.0,70.9,0.7,2.8,3.5,0.9,1.2,0.4,0.4,1.6,1,0,-0.3
Al Jefferson,IND,32,52,29,23,14.6,8.7,3.8,7.5,50.5,0.0,0.0,0.0,1.2,1.5,77.2,1.2,3.0,4.2,0.8,0.5,0.3,0.3,1.9,1,0,-2.1
Rodney Stuckey,IND,30,20,10,10,19.2,8.7,2.9,6.8,42.2,0.4,1.4,28.6,2.6,3.5,74.3,0.2,2.3,2.5,1.9,1.6,0.4,0.0,1.4,0,0,-2.5
D.J. Augustin,ORL,29,54,20,34,20.7,8.7,2.8,7.1,39.4,1.4,3.9,36.4,1.7,2.2,79.5,0.1,1.3,1.5,3.1,1.1,0.4,0.0,1.4,0,0,-4.1
Jamal Murray,DEN,19,52,23,29,19.9,8.7,3.1,7.9,39.0,1.2,3.8,32.0,1.3,1.5,86.8,0.6,2.0,2.6,1.8,1.2,0.4,0.4,1.4,0,0,0.8
Langston Galloway,NOP,25,51,19,32,20.3,8.6,3.0,8.2,36.9,1.8,4.9,36.3,0.8,1.0,79.6,0.4,1.9,2.3,1.2,0.5,0.8,0.1,1.4,0,0,-1.5
JR Smith,CLE,31,21,16,5,28.9,8.6,3.0,8.8,33.7,2.4,6.6,36.2,0.3,0.4,77.8,0.4,1.8,2.1,1.2,0.7,1.2,0.4,2.2,0,0,5.2
Tyson Chandler,PHX,34,44,13,31,28.1,8.6,3.3,4.9,67.6,0.0,0.0,0.0,2.0,2.7,72.5,3.4,8.3,11.7,0.6,1.5,0.7,0.5,2.8,12,0,-2.2
Joe Johnson,UTA,35,53,33,20,22.4,8.6,3.3,7.5,44.2,1.3,3.1,40.9,0.7,0.8,82.2,0.4,2.6,3.0,1.7,0.9,0.4,0.2,1.1,0,0,1.8
Cory Joseph,TOR,25,52,30,22,22.5,8.6,3.4,7.6,44.4,0.5,1.3,36.4,1.3,1.7,80.5,0.5,2.1,2.6,2.8,1.0,0.8,0.1,1.7,0,0,-0.6
Buddy Hield,NOP,23,53,20,33,20.4,8.5,3.2,8.4,38.6,1.6,4.3,36.6,0.5,0.5,89.7,0.4,2.5,2.9,1.3,0.9,0.3,0.1,1.4,0,0,-3.3
Michael Carter-Williams,CHI,25,22,13,9,22.3,8.5,3.3,8.3,39.3,0.4,1.8,20.0,1.6,2.1,78.3,0.8,4.0,4.7,2.5,1.7,0.8,0.4,2.5,0,0,-1.4
Jameer Nelson,DEN,35,52,23,29,25.6,8.5,3.3,7.8,43.0,1.2,3.4,36.6,0.6,0.8,72.7,0.4,1.8,2.2,4.6,1.7,0.7,0.1,2.7,1,0,0.4
Joe Harris,BKN,25,45,9,36,22.4,8.5,3.1,7.2,43.0,1.6,4.3,37.4,0.7,1.0,74.4,0.3,2.7,3.0,1.1,1.0,0.6,0.1,2.4,0,0,-5.0
Nene,HOU,34,46,32,14,17.2,8.2,3.2,5.2,61.8,0.1,0.1,50.0,1.7,2.9,59.1,1.2,2.5,3.7,0.9,1.2,0.8,0.6,2.4,0,0,4.2
Ish Smith,DET,28,52,25,27,23.7,8.2,3.6,8.2,44.0,0.3,1.2,23.8,0.8,1.1,68.4,0.3,2.4,2.6,5.0,1.4,0.8,0.3,1.6,1,0,0.9
Sergio Rodriguez,PHI,30,48,16,32,23.1,8.2,3.3,8.2,39.7,1.4,3.9,36.5,0.3,0.4,68.4,0.3,2.2,2.5,5.1,2.2,0.8,0.1,1.4,1,0,-2.7
Brandon Ingram,LAL,19,55,18,37,27.8,8.2,2.9,7.8,36.7,0.7,2.4,30.5,1.7,2.6,66.9,0.7,3.4,4.1,2.0,1.3,0.5,0.4,1.9,0,0,-3.8
Al-Farouq Aminu,POR,26,36,16,20,28.8,8.2,2.9,7.8,36.8,1.1,3.6,29.7,1.4,1.9,74.6,1.1,6.1,7.2,2.1,1.5,1.0,0.7,1.8,3,0,0.7
Vince Carter,MEM,40,47,26,21,24.2,8.1,2.7,6.9,39.0,1.5,4.1,35.9,1.3,1.7,73.2,0.5,2.7,3.3,1.8,0.6,0.8,0.5,2.3,0,0,2.6
Manu Ginobili,SAS,39,45,34,11,18.7,8.1,2.6,6.6,39.1,1.4,3.4,41.8,1.5,1.8,81.7,0.3,2.0,2.4,2.5,1.4,1.2,0.3,1.7,0,0,4.0
Jusuf Nurkic,DEN,22,44,19,25,18.1,8.1,3.4,6.7,51.0,0.0,0.0,0.0,1.3,2.6,49.6,2.0,3.8,5.8,1.3,1.8,0.6,0.8,2.0,4,0,-3.2
Nerlens Noel,PHI,22,26,12,14,18.2,8.1,3.3,5.7,58.5,0.0,0.0,0.0,1.5,2.1,69.1,1.5,3.4,4.9,1.0,0.9,1.2,0.9,2.3,1,0,-3.2
Luol Deng,LAL,31,51,17,34,27.1,8.0,3.1,7.8,39.0,1.0,3.1,31.8,0.9,1.2,72.1,1.2,4.3,5.5,1.4,0.8,0.9,0.4,1.1,5,0,-3.6
Tony Snell,MIL,25,50,22,28,28.7,8.0,2.9,6.4,45.0,1.7,4.3,38.7,0.5,0.6,75.0,0.3,3.0,3.3,1.2,0.6,0.5,0.2,1.7,1,0,-1.5
Tristan Thompson,CLE,25,52,36,16,29.7,7.9,3.2,5.5,58.5,0.0,0.1,0.0,1.5,3.0,51.3,3.6,5.9,9.6,0.8,0.8,0.6,1.2,2.4,14,0,4.0
Rondae Hollis-Jefferson,BKN,22,49,8,41,21.8,7.9,2.6,6.3,41.7,0.2,0.9,20.5,2.4,3.2,77.4,0.8,4.2,5.0,2.0,1.6,1.0,0.6,2.2,2,0,-4.6
Raymond Felton,LAC,32,51,31,20,22.7,7.8,3.2,7.3,43.7,0.8,2.1,37.6,0.6,0.8,78.0,0.5,2.4,2.9,2.6,1.1,0.8,0.4,1.8,0,0,-2.1
Iman Shumpert,CLE,26,49,34,15,25.4,7.8,2.7,6.2,42.8,1.4,3.6,40.2,1.0,1.3,77.3,0.6,2.4,3.0,1.6,1.0,1.0,0.3,2.0,0,0,1.4
James Ennis III,MEM,26,41,24,17,25.5,7.8,2.6,5.6,46.7,1.0,2.4,40.8,1.6,2.0,78.6,1.4,3.0,4.4,1.1,1.1,0.8,0.4,2.9,1,0,1.2
Arron Afflalo,SAC,31,45,18,27,25.3,7.8,2.8,6.5,42.5,1.0,2.6,38.8,1.2,1.4,87.5,0.2,1.8,2.0,1.2,0.7,0.4,0.1,1.8,0,0,-3.5
Monta Ellis,IND,31,44,26,18,26.8,7.8,2.9,6.8,42.3,0.5,1.5,29.4,1.6,2.0,80.2,0.2,2.7,2.8,3.1,1.8,1.0,0.4,2.0,0,0,-0.9
Matthew Dellavedova,MIL,26,46,19,27,26.4,7.7,2.8,7.1,39.4,1.0,2.8,35.9,1.1,1.3,83.3,0.4,1.7,2.1,5.3,1.9,0.8,0.0,2.0,0,0,-2.7
Danny Green,SAS,29,44,34,10,26.5,7.7,2.8,6.5,42.6,1.9,4.6,40.7,0.3,0.4,81.3,0.3,2.8,3.1,1.9,1.0,1.0,0.8,1.8,0,0,5.0
Garrett Temple,SAC,30,49,19,30,26.6,7.7,2.7,6.3,43.6,1.2,3.2,36.7,1.0,1.3,79.0,0.6,2.1,2.7,2.2,1.0,1.2,0.4,2.2,0,0,-1.6
Thabo Sefolosha,ATL,32,44,26,18,25.8,7.6,3.0,6.6,45.7,0.6,1.8,32.9,1.0,1.3,77.2,0.8,3.5,4.3,1.6,0.9,1.7,0.5,1.5,0,0,-0.3
Marquese Chriss,PHX,19,53,16,37,18.4,7.6,2.9,6.8,42.5,0.8,2.4,31.3,1.1,1.7,61.5,1.1,2.3,3.4,0.6,1.1,0.8,0.6,3.0,1,0,-4.2
Matt Barnes,SAC,36,50,19,31,25.0,7.5,2.7,7.0,38.0,1.3,3.8,33.3,0.9,1.2,74.2,1.0,4.3,5.3,2.7,1.5,0.6,0.3,2.6,3,0,-1.7
Shelvin Mack,UTA,26,45,27,18,21.7,7.5,3.0,6.8,44.2,0.7,2.2,32.0,0.8,1.2,66.0,0.4,1.8,2.2,2.9,1.8,0.8,0.0,1.8,0,0,0.2
Trey Lyles,UTA,21,54,34,20,18.6,7.5,2.7,7.0,39.1,1.1,3.3,33.3,0.9,1.3,70.6,0.7,2.9,3.7,1.2,1.1,0.5,0.3,1.5,1,0,0.6
Timofey Mozgov,LAL,30,52,16,36,20.7,7.5,3.2,6.2,50.9,0.0,0.0,0.0,1.2,1.5,80.3,1.9,3.0,4.9,0.8,1.3,0.3,0.6,2.4,1,0,-3.9
Justin Holiday,NYK,27,54,22,32,19.8,7.4,2.6,6.3,41.8,1.2,3.3,35.2,1.0,1.2,84.4,0.4,2.6,2.9,1.1,0.8,0.9,0.4,1.5,0,0,0.5
Mike Muscala,ATL,25,47,27,20,20.2,7.4,2.9,5.7,50.8,0.8,1.8,42.4,0.9,1.1,77.4,1.3,2.5,3.8,1.4,0.9,0.5,0.7,1.7,0,0,-1.9
Sam Dekker,HOU,22,56,39,17,19.5,7.3,2.9,6.2,47.0,0.9,2.8,33.1,0.6,0.9,58.5,1.3,2.5,3.9,1.1,0.6,0.6,0.3,1.2,0,0,1.1
Alec Burks,UTA,25,18,12,6,14.6,7.3,2.6,5.5,46.5,0.6,1.8,30.3,1.6,2.3,69.0,0.2,1.7,1.9,0.6,0.8,0.5,0.2,1.5,0,0,1.9
Spencer Hawes,MIL,28,35,15,20,17.9,7.3,3.0,6.2,47.7,0.5,1.6,29.1,0.9,1.0,88.2,0.9,3.3,4.2,1.8,1.1,0.4,0.7,1.7,3,0,-3.7
David Lee,SAS,33,51,39,12,18.5,7.3,3.1,5.2,59.2,0.0,0.0,0.0,1.1,1.5,70.1,1.7,3.7,5.5,1.6,1.0,0.4,0.4,1.6,4,0,4.1
Alex Len,PHX,23,51,15,36,19.6,7.2,2.7,5.5,50.2,0.0,0.1,25.0,1.7,2.4,72.7,1.9,4.4,6.3,0.5,1.2,0.4,1.3,3.0,7,0,-4.7
Darrell Arthur,DEN,28,27,11,16,16.0,7.2,2.7,5.7,47.7,1.5,2.9,50.6,0.3,0.4,90.0,0.7,2.1,2.8,1.1,1.1,0.3,0.6,2.1,0,0,-0.6
Caris LeVert,BKN,22,29,4,25,20.3,7.2,2.5,5.9,42.7,1.0,3.2,31.5,1.2,1.6,73.9,0.3,2.5,2.9,1.8,1.0,1.0,0.2,1.3,0,0,-1.7
Norman Powell,TOR,23,50,30,20,17.3,7.2,2.7,5.9,45.6,0.7,1.9,35.1,1.2,1.5,77.6,0.3,1.6,2.0,1.0,0.8,0.7,0.2,1.5,0,0,1.5
Patrick Patterson,TOR,27,40,24,16,27.3,7.2,2.5,6.4,38.5,1.6,4.3,36.3,0.7,1.0,65.9,1.2,4.3,5.5,1.4,0.7,0.8,0.4,2.1,1,0,7.5
Anthony Tolliver,SAC,31,41,17,24,23.0,7.1,2.4,5.3,45.4,1.3,3.4,39.0,1.0,1.2,80.4,1.0,2.7,3.7,0.9,0.8,0.6,0.2,1.7,1,0,-1.0
John Henson,MIL,26,45,20,25,20.3,7.1,2.8,5.4,51.0,0.0,0.0,0.0,1.6,2.2,70.7,1.4,3.8,5.2,1.1,1.0,0.5,1.3,2.7,0,0,-1.2
Isaiah Whitehead,BKN,21,45,7,38,22.2,7.1,2.7,7.0,38.2,0.6,1.9,32.1,1.1,1.4,82.3,0.3,2.2,2.5,3.0,2.0,0.6,0.5,2.6,1,0,-1.9
Jared Dudley,PHX,31,36,9,27,21.0,7.0,2.6,5.3,47.9,1.3,3.0,41.7,0.7,1.1,61.5,0.5,2.8,3.3,1.6,1.1,0.6,0.2,2.4,0,0,-1.4
Mirza Teletovic,MIL,31,42,18,24,16.7,7.0,2.4,6.2,38.7,1.6,4.6,34.9,0.6,0.8,78.8,0.2,2.2,2.5,0.8,0.7,0.1,0.2,1.6,0,0,1.8
Dwight Powell,DAL,25,53,21,32,18.7,7.0,2.7,5.0,53.9,0.1,0.5,20.8,1.5,1.9,76.7,1.4,3.0,4.4,0.8,0.4,1.0,0.6,1.9,1,0,-1.2
PJ Tucker,PHX,31,53,16,37,28.6,7.0,2.6,6.2,41.6,0.8,2.4,33.3,1.1,1.4,78.1,1.6,4.3,5.8,1.2,0.9,1.5,0.2,2.5,2,0,-3.3
Josh Huestis,OKC,25,1,0,1,6.9,7.0,3.0,4.0,75.0,1.0,2.0,50.0,0.0,0.0,0.0,2.0,2.0,4.0,1.0,0.0,0.0,0.0,0.0,0,0,-2.0
Justin Hamilton,BKN,26,46,8,38,19.7,7.0,2.8,6.1,45.4,0.9,3.1,30.1,0.5,0.7,71.0,1.2,3.3,4.5,0.8,0.7,0.5,0.8,1.5,1,0,-5.3
Larry Nance Jr.,LAL,24,36,13,23,22.1,6.9,3.1,5.5,56.3,0.1,0.3,16.7,0.7,1.0,71.4,1.8,3.8,5.6,1.3,0.9,1.2,0.7,2.4,4,0,-1.8
Richaun Holmes,PHI,23,29,7,22,15.8,6.8,2.8,5.3,51.9,0.3,0.8,36.4,1.0,1.5,65.1,1.4,2.9,4.3,0.8,0.9,0.6,0.8,1.9,0,0,-2.3
Andre Roberson,OKC,25,54,31,23,30.8,6.7,2.7,6.1,44.2,0.6,2.6,24.1,0.6,1.5,41.5,1.1,4.0,5.1,1.0,0.7,1.2,1.0,2.4,2,0,1.4
Marcus Thornton,WAS,29,33,15,18,17.4,6.6,2.5,6.4,40.0,0.8,2.4,35.0,0.7,0.8,85.2,0.7,1.6,2.3,1.2,0.8,0.6,0.1,1.5,0,0,-4.5
Justin Anderson,DAL,23,48,18,30,14.3,6.6,2.2,5.6,39.6,0.8,2.5,30.8,1.4,1.8,79.8,0.8,2.2,3.0,0.6,0.8,0.6,0.3,1.3,0,0,-2.8
Chandler Parsons,MEM,28,25,15,10,19.1,6.6,2.4,6.8,34.7,0.8,2.8,27.5,1.1,1.3,84.8,0.1,2.2,2.3,1.6,0.6,0.6,0.2,1.3,0,0,0.4
Jonathon Simmons,SAS,27,49,39,10,18.2,6.5,2.4,5.4,43.8,0.4,1.2,32.2,1.4,1.9,73.9,0.3,2.0,2.3,1.7,1.1,0.7,0.4,1.9,0,0,3.8
Amir Johnson,BOS,29,52,33,19,20.0,6.5,2.7,4.7,56.6,0.3,0.8,39.5,0.9,1.3,67.2,1.7,2.9,4.6,1.7,0.8,0.5,0.7,2.7,0,0,1.5
Rajon Rondo,CHI,30,44,21,23,26.6,6.5,2.8,7.6,36.8,0.5,1.6,31.0,0.4,0.8,54.5,0.9,4.4,5.3,6.6,2.4,1.4,0.2,2.0,5,1,-0.2
Ian Clark,GSW,25,47,40,7,14.1,6.5,2.5,5.2,47.8,0.9,2.2,38.5,0.6,0.9,75.0,0.3,1.2,1.4,1.3,0.6,0.5,0.1,1.0,0,0,1.2
Kelly Oubre Jr.,WAS,21,50,29,21,20.9,6.4,2.4,5.6,42.0,0.8,2.6,30.5,0.9,1.2,76.7,0.8,2.7,3.5,0.6,0.7,0.8,0.2,2.6,1,0,-0.1
Spencer Dinwiddie,BKN,23,30,2,28,21.0,6.4,2.1,4.8,42.8,0.5,1.3,38.5,1.8,2.1,82.8,0.4,2.2,2.5,2.6,1.2,0.5,0.4,2.1,0,0,-4.4
Joe Ingles,UTA,29,54,34,20,21.7,6.4,2.2,4.8,46.7,1.3,3.0,44.4,0.6,0.8,79.1,0.2,2.6,2.8,2.4,1.1,1.1,0.1,1.9,0,0,1.8
Kyle O'Quinn,NYK,26,52,21,31,15.1,6.3,2.8,5.3,52.7,0.0,0.2,12.5,0.7,1.0,74.0,2.1,3.5,5.6,1.2,0.9,0.4,1.2,2.1,6,0,-1.4
Kosta Koufos,SAC,27,53,21,32,19.2,6.3,2.9,4.8,59.9,0.0,0.0,0.0,0.5,0.9,55.1,1.6,3.8,5.5,0.6,0.8,0.5,0.6,2.3,1,0,-1.3
Andrew Harrison,MEM,22,52,31,21,22.3,6.3,1.7,5.4,31.7,0.6,2.3,26.2,2.3,3.0,76.6,0.4,1.6,2.0,3.0,1.3,0.9,0.4,3.0,0,0,-0.5
Willy Hernangomez,NYK,22,46,19,27,15.2,6.3,2.6,4.9,52.7,0.1,0.2,27.3,1.1,1.5,72.1,1.9,3.9,5.8,1.1,1.2,0.4,0.5,1.6,4,0,0.4
Solomon Hill,NOP,25,51,20,31,27.9,6.3,2.1,5.4,38.3,1.0,2.9,34.7,1.1,1.4,79.7,0.5,3.1,3.6,1.7,0.9,0.9,0.5,2.3,0,0,-1.0
Ramon Sessions,CHA,30,50,23,27,16.2,6.2,2.0,5.3,38.0,0.4,1.2,33.9,1.8,2.4,77.1,0.2,1.2,1.5,2.6,0.9,0.5,0.1,0.9,0,0,-1.6
Jonathan Gibson,DAL,29,17,4,13,13.6,6.2,2.1,5.6,36.8,0.9,2.6,33.3,1.2,1.7,72.4,0.1,1.2,1.3,1.5,1.2,0.5,0.0,1.2,0,0,-4.9
Glenn Robinson,IND,23,50,28,22,22.1,6.2,2.3,5.1,45.5,0.7,1.8,37.8,0.8,1.2,70.7,0.9,2.8,3.7,0.7,0.6,0.5,0.3,0.9,3,0,-0.5
Derrick Williams,CLE,25,26,5,21,15.3,6.2,2.2,5.4,40.7,0.3,1.7,20.0,1.4,2.2,63.8,0.6,2.2,2.8,0.6,0.6,0.3,0.2,1.4,0,0,-1.2
Luc Mbah a Moute,LAC,30,51,30,21,22.4,6.1,2.3,4.8,48.6,0.6,1.5,38.7,0.9,1.3,71.9,0.7,1.7,2.4,0.4,0.7,1.0,0.5,1.7,0,0,2.7
Rodney McGruder,MIA,25,49,22,27,26.1,6.1,2.2,5.7,39.1,0.9,2.8,33.3,0.7,1.1,65.4,1.3,2.1,3.4,1.5,0.7,0.7,0.2,1.8,0,0,-0.2
Bismack Biyombo,ORL,24,54,20,34,23.6,6.1,2.3,4.3,53.0,0.0,0.0,0.0,1.5,3.1,47.6,1.9,5.4,7.3,1.0,1.2,0.3,1.3,2.4,7,0,-4.1
Tarik Black,LAL,25,43,17,26,16.3,6.0,2.3,4.6,51.3,0.0,0.0,0.0,1.3,1.9,71.6,2.4,3.2,5.6,0.7,0.8,0.4,0.5,2.7,2,0,0.6
Devin Harris,DAL,33,36,17,19,16.8,6.0,1.8,4.9,37.3,0.9,2.6,32.6,1.5,1.8,85.7,0.2,1.8,2.0,1.8,0.7,0.6,0.1,1.6,0,0,0.3
Dante Exum,UTA,21,39,24,15,18.8,6.0,2.3,5.4,42.5,0.7,2.4,28.3,0.7,0.9,82.9,0.4,1.4,1.8,1.7,1.1,0.3,0.2,2.4,0,0,-1.4
Malcolm Delaney,ATL,27,53,31,22,17.9,6.0,2.3,5.8,39.7,0.4,1.6,26.7,1.0,1.3,79.4,0.1,1.7,1.8,2.8,1.4,0.6,0.0,1.5,0,0,1.6
Domantas Sabonis,OKC,20,54,31,23,21.5,6.0,2.5,6.0,40.8,0.7,2.2,33.3,0.4,0.5,69.0,0.5,3.1,3.6,1.0,1.2,0.5,0.4,2.5,2,0,-0.8
Mindaugas Kuzminskas,NYK,27,47,18,29,14.6,6.0,2.2,5.3,42.0,0.8,2.6,31.7,0.7,0.9,79.1,0.7,1.2,1.9,1.0,0.7,0.5,0.2,1.2,0,0,0.2
Jordan Farmar,SAC,30,2,1,1,17.7,6.0,2.0,6.0,33.3,2.0,4.5,44.4,0.0,0.0,0.0,0.5,1.0,1.5,4.5,1.5,1.0,0.0,0.5,0,0,-0.5
Andre Iguodala,GSW,33,50,44,6,25.7,6.0,2.3,4.8,48.3,0.8,2.2,35.8,0.5,0.8,67.5,0.7,3.2,3.9,3.4,0.7,0.9,0.3,1.2,0,0,6.6
Jerami Grant,OKC,22,53,28,25,21.1,5.9,2.1,4.5,46.8,0.5,1.4,38.2,1.2,1.9,61.2,0.4,2.2,2.6,0.5,0.6,0.4,1.1,2.0,0,0,-3.2
TJ McConnell,PHI,24,52,18,34,24.5,5.9,2.6,5.7,45.6,0.1,0.6,21.9,0.6,0.8,76.7,0.4,2.6,3.0,6.0,1.8,1.4,0.1,1.8,2,0,-3.4
JaVale McGee,GSW,29,47,39,8,8.9,5.9,2.6,3.9,67.4,0.0,0.1,0.0,0.6,1.3,47.6,1.0,1.7,2.7,0.2,0.6,0.2,0.7,1.4,0,0,3.7
Zaza Pachulia,GSW,33,44,38,6,18.8,5.9,2.2,4.1,52.7,0.0,0.0,0.0,1.5,2.0,77.3,2.1,3.9,6.0,2.0,1.3,1.0,0.4,2.4,2,0,7.2
Dante Cunningham,NOP,29,40,17,23,24.5,5.9,2.4,5.4,43.3,1.0,2.7,36.7,0.2,0.3,58.3,0.9,3.3,4.2,0.7,0.4,0.5,0.5,1.6,0,0,-1.1
Anthony Morrow,OKC,31,37,20,17,15.9,5.9,2.2,5.6,39.6,0.9,3.0,29.1,0.6,0.6,87.5,0.3,0.5,0.7,0.5,0.2,0.5,0.1,1.1,0,0,-0.5
Omri Casspi,SAC,28,22,9,13,18.0,5.9,2.4,5.3,45.3,0.5,1.3,37.9,0.5,1.0,57.1,0.9,3.2,4.1,1.2,0.8,0.5,0.0,1.0,0,0,-0.4
Ben McLemore,SAC,23,38,17,21,16.2,5.8,2.2,5.4,40.6,0.7,2.2,30.5,0.8,1.0,76.3,0.2,1.0,1.2,0.8,0.7,0.4,0.1,1.2,0,0,-2.1
Jaylen Brown,BOS,20,52,33,19,15.6,5.8,2.1,4.9,42.5,0.4,1.3,30.4,1.2,1.7,72.1,0.5,2.0,2.5,0.7,0.7,0.4,0.3,1.7,0,0,-1.4
Jerian Grant,CHI,24,42,18,24,16.0,5.7,1.9,4.7,41.3,0.6,1.9,34.6,1.2,1.4,91.2,0.3,1.3,1.6,1.6,0.8,0.7,0.1,1.5,0,0,0.5
Nemanja Bjelica,MIN,28,51,20,31,17.1,5.7,2.1,5.0,41.6,0.8,2.7,29.7,0.7,1.0,73.5,0.6,2.5,3.1,1.1,0.9,0.6,0.2,2.2,0,0,-1.1
Brandon Bass,LAC,31,36,20,16,11.9,5.7,2.2,3.7,59.8,0.0,0.1,50.0,1.3,1.4,90.2,0.7,1.6,2.3,0.5,0.7,0.2,0.2,0.9,0,0,-2.4
Terry Rozier,BOS,22,48,30,18,17.9,5.7,2.1,5.6,37.8,0.8,2.3,32.7,0.7,0.9,75.6,0.6,2.5,3.1,1.7,0.5,0.7,0.2,1.0,0,0,0.3
Beno Udrih,DET,34,30,15,15,14.0,5.7,2.3,5.0,45.3,0.3,0.9,35.7,0.8,0.9,92.3,0.2,1.1,1.3,3.0,0.8,0.2,0.0,0.7,0,0,1.5
Isaiah Canaan,CHI,25,30,14,16,18.3,5.6,2.0,5.3,38.0,0.8,2.8,27.1,0.9,1.0,89.7,0.2,1.4,1.6,1.1,0.6,0.6,0.0,1.1,0,0,-2.8
Leandro Barbosa,PHX,34,49,14,35,13.1,5.6,2.4,5.2,45.1,0.5,1.2,42.4,0.3,0.4,85.0,0.2,1.2,1.4,1.2,0.5,0.4,0.1,1.1,0,0,-0.8
Ivica Zubac,LAL,19,20,5,15,13.0,5.6,2.4,4.9,49.5,0.0,0.0,0.0,0.8,1.0,78.9,1.3,2.6,3.8,0.5,0.7,0.3,0.9,1.2,3,0,-3.7
Cameron Payne,OKC,22,17,10,7,16.3,5.5,2.2,6.6,33.6,0.8,2.6,31.1,0.2,0.2,100,0.1,1.4,1.5,2.0,0.6,0.5,0.2,1.9,0,0,-2.3
Meyers Leonard,POR,24,46,19,27,16.0,5.5,2.0,5.3,36.7,1.1,3.0,35.0,0.5,0.6,96.2,0.4,2.8,3.2,0.8,0.6,0.1,0.4,2.3,1,0,-1.1
Hollis Thompson,PHI,25,31,9,22,18.1,5.5,2.1,5.1,41.5,0.8,2.3,36.6,0.4,0.6,65.0,0.5,2.2,2.7,0.8,0.3,0.5,0.2,1.8,0,0,-2.9
Willie Reed,MIA,26,44,22,22,14.8,5.5,2.4,4.1,57.8,0.0,0.1,33.3,0.8,1.3,56.9,1.8,3.0,4.8,0.3,0.4,0.2,0.8,1.7,3,0,1.0
Joffrey Lauvergne,OKC,25,47,29,18,14.5,5.4,2.1,4.8,44.2,0.5,1.6,33.8,0.7,1.1,59.6,1.0,2.6,3.7,1.0,0.7,0.3,0.1,1.4,0,0,-1.8
Willie Cauley-Stein,SAC,23,46,18,28,12.5,5.4,2.4,4.1,57.4,0.0,0.0,0.0,0.7,1.2,57.1,0.9,1.6,2.5,0.5,0.5,0.5,0.5,1.8,0,0,-2.3
Alex Abrines,OKC,23,43,23,20,13.9,5.4,1.7,4.4,39.7,1.2,3.2,37.5,0.7,0.9,86.5,0.3,0.8,1.1,0.5,0.5,0.4,0.1,1.5,0,0,-1.0
Lucas Nogueira,TOR,24,45,26,19,21.4,5.3,2.2,3.2,67.8,0.1,0.2,33.3,0.9,1.3,65.0,1.8,3.2,5.0,0.8,0.8,1.0,1.7,2.8,0,0,4.5
Shaun Livingston,GSW,31,48,40,8,17.5,5.3,2.4,4.3,57.4,0.0,0.0,0.0,0.5,0.8,59.5,0.4,1.6,2.0,1.7,0.8,0.5,0.2,1.6,0,0,1.0
Troy Williams,MEM,22,24,15,9,17.4,5.3,2.1,5.1,41.8,0.4,1.7,24.4,0.6,1.0,60.0,0.3,1.6,1.8,0.8,1.1,1.0,0.4,1.8,0,0,-2.7
Toney Douglas,MEM,30,11,10,1,16.5,5.3,1.8,4.8,37.7,0.5,1.6,27.8,1.2,1.4,86.7,0.3,2.4,2.6,2.1,1.1,0.8,0.3,1.9,0,0,3.6
Aaron Brooks,IND,32,45,26,19,14.5,5.3,2.0,5.0,40.8,0.7,2.2,33.3,0.5,0.6,78.6,0.3,0.8,1.1,2.2,1.1,0.5,0.2,1.4,0,0,-0.2
Luis Scola,BKN,36,35,7,28,12.7,5.3,2.0,4.3,47.7,0.5,1.4,35.4,0.7,1.1,67.6,1.4,2.4,3.9,0.9,1.0,0.4,0.1,1.7,1,0,-2.0
Chasson Randle,PHI,24,8,1,7,9.2,5.3,1.5,3.3,46.2,0.8,1.9,40.0,1.5,1.5,100,0.0,0.6,0.6,0.8,0.4,0.4,0.1,1.4,0,0,-0.8
Randy Foye,BKN,33,40,6,34,18.9,5.3,1.8,5.0,35.9,1.1,3.1,33.6,0.7,0.8,78.8,0.2,2.3,2.5,2.2,1.3,0.4,0.2,1.4,0,0,-3.6
Richard Jefferson,CLE,36,51,36,15,19.7,5.2,1.8,4.3,42.0,0.7,2.3,30.2,0.9,1.3,72.7,0.4,2.0,2.4,0.9,0.6,0.3,0.1,1.9,1,0,2.2
Brandan Wright,MEM,29,5,5,0,13.1,5.2,2.4,5.0,48.0,0.0,0.2,0.0,0.4,1.2,33.3,2.0,1.2,3.2,0.0,0.2,0.4,0.8,1.6,0,0,-0.2
Mike Dunleavy,ATL,36,38,28,10,16.4,5.2,1.8,4.2,42.2,1.0,2.6,38.0,0.6,0.8,76.7,0.3,1.9,2.2,1.0,0.6,0.3,0.1,1.4,0,0,-0.2
Roy Hibbert,MIL,30,42,19,23,16.0,5.2,1.9,3.4,54.2,0.0,0.0,0.0,1.5,1.8,81.3,1.3,2.3,3.6,0.5,0.7,0.2,1.0,2.3,1,0,-0.2
Gerald Green,BOS,31,32,23,9,11.1,5.2,1.9,4.9,38.2,0.8,2.2,33.8,0.7,0.8,80.8,0.4,1.5,1.9,0.8,0.4,0.2,0.2,1.1,0,0,-0.8
Quincy Acy,BKN,26,18,1,17,10.1,5.1,1.7,3.6,46.2,0.8,1.7,46.7,0.9,1.1,85.0,0.7,1.4,2.2,0.1,0.4,0.2,0.4,1.4,0,0,-1.9
Joakim Noah,NYK,31,46,17,29,22.1,5.0,2.2,4.4,49.0,0.0,0.0,0.0,0.7,1.7,43.6,3.5,5.2,8.7,2.2,1.3,0.7,0.8,2.8,5,0,-3.1
Dewayne Dedmon,SAS,27,46,34,12,16.4,5.0,2.0,3.4,60.6,0.0,0.0,0.0,1.0,1.3,72.1,1.5,4.6,6.1,0.6,0.6,0.5,0.8,2.4,3,0,3.8
Archie Goodwin,NOP,22,3,1,2,9.9,5.0,0.7,1.7,40.0,0.3,0.7,50.0,3.3,3.3,100,0.0,0.0,0.0,0.3,0.0,0.0,0.3,0.3,0,0,-0.7
Khris Middleton,MIL,25,1,0,1,14.9,5.0,2.0,5.0,40.0,0.0,1.0,0.0,1.0,2.0,50.0,0.0,2.0,2.0,2.0,0.0,0.0,1.0,1.0,0,0,-11.0
Anthony Bennett,BKN,23,23,3,20,11.5,5.0,1.7,4.0,41.3,0.6,2.1,27.1,1.1,1.6,72.2,1.1,2.3,3.4,0.5,0.5,0.2,0.1,0.8,0,0,-3.0
Reggie Williams,NOP,30,5,1,4,12.7,5.0,1.4,4.0,35.0,1.0,2.0,50.0,1.2,1.4,85.7,0.4,0.8,1.2,0.8,0.0,0.6,0.0,0.4,0,0,-1.4
Jason Smith,WAS,30,50,30,20,13.2,4.9,2.1,4.0,53.0,0.2,0.4,42.1,0.5,0.7,66.7,0.9,2.3,3.2,0.3,0.8,0.3,0.7,2.3,0,0,-1.2
Josh McRoberts,MIA,29,22,6,16,17.3,4.9,2.0,5.4,37.3,0.6,1.4,41.9,0.3,0.4,66.7,1.0,2.3,3.4,2.3,1.0,0.5,0.2,1.4,0,0,-3.3
Reggie Bullock,DET,25,14,6,8,15.5,4.9,2.0,4.6,43.1,0.7,2.3,31.3,0.1,0.3,50.0,0.4,1.6,2.0,0.9,0.4,0.4,0.2,1.1,0,0,-3.2
Trey Burke,WAS,24,48,29,19,12.3,4.8,2.0,4.4,45.5,0.5,1.1,42.6,0.3,0.5,68.2,0.1,0.6,0.8,1.7,0.8,0.2,0.1,1.0,0,0,-2.2
Boris Diaw,UTA,34,45,28,17,18.4,4.8,2.1,4.6,45.1,0.3,1.2,26.8,0.3,0.4,83.3,0.5,1.4,2.0,2.2,1.4,0.3,0.0,1.3,0,0,1.5
Lance Thomas,NYK,28,30,10,20,17.6,4.8,1.8,4.7,37.9,0.7,1.6,42.9,0.6,0.7,85.0,0.5,1.4,1.9,0.5,0.5,0.5,0.1,1.7,0,0,-4.2
Donatas Motiejunas,NOP,26,16,6,10,14.8,4.8,1.8,3.8,48.3,0.5,1.4,36.4,0.6,1.3,47.6,0.8,2.3,3.1,1.3,1.0,0.6,0.4,1.9,0,0,-3.8
Aron Baynes,DET,30,50,24,26,15.5,4.7,1.8,3.5,49.7,0.0,0.0,0.0,1.2,1.4,87.1,1.2,2.7,4.0,0.3,0.7,0.3,0.4,2.3,0,0,1.9
Kris Humphries,ATL,32,42,26,16,11.8,4.7,1.6,3.7,43.6,0.3,0.9,35.9,1.1,1.4,82.8,1.0,2.3,3.4,0.5,0.5,0.3,0.4,1.2,0,0,-1.0
Cristiano Felicio,CHI,24,44,21,23,15.1,4.7,1.8,3.2,57.6,0.0,0.0,0.0,1.0,1.6,65.2,2.1,2.8,4.8,0.6,0.5,0.4,0.3,1.6,3,0,-1.0
Jordan McRae,CLE,25,34,23,11,11.1,4.6,1.7,4.4,38.5,0.5,1.5,34.0,0.8,1.0,79.4,0.2,1.0,1.2,0.5,0.4,0.2,0.2,0.9,0,0,-1.6
Dorian Finney-Smith,DAL,23,52,21,31,21.3,4.6,1.6,4.0,39.8,0.8,2.4,32.3,0.7,0.9,76.1,0.6,2.1,2.7,0.9,0.6,0.7,0.3,1.8,0,0,-0.9
Cheick Diallo,NOP,20,9,4,5,10.4,4.6,1.9,4.3,43.6,0.0,0.0,0.0,0.8,1.1,70.0,1.3,2.2,3.6,0.3,0.2,0.3,0.3,1.0,1,0,-2.0
Luke Babbitt,MIA,27,44,21,23,16.0,4.5,1.6,4.3,36.6,1.1,3.0,36.6,0.3,0.3,73.3,0.3,1.9,2.1,0.5,0.4,0.3,0.2,1.7,0,0,0.0
CJ Watson,ORL,32,43,14,29,16.6,4.5,1.4,3.8,38.0,0.5,1.6,31.9,1.1,1.2,86.8,0.2,1.3,1.5,1.8,0.7,0.7,0.0,1.2,0,0,-1.6
Kay Felder,CLE,21,33,21,12,10.2,4.5,1.6,4.0,40.9,0.2,0.6,35.0,1.0,1.4,71.1,0.1,1.0,1.1,1.4,0.7,0.4,0.2,1.1,0,0,-1.0
Pascal Siakam,TOR,22,47,31,16,17.0,4.4,2.0,3.9,50.3,0.0,0.1,0.0,0.5,0.7,68.8,1.3,2.3,3.5,0.3,0.7,0.5,0.9,2.2,0,0,-1.7
Pierre Jackson,DAL,25,8,4,4,10.6,4.4,1.6,4.9,33.3,0.4,1.4,27.3,0.8,0.9,85.7,0.1,1.0,1.1,2.4,0.4,0.3,0.0,0.6,0,0,6.9
Davis Bertans,SAS,24,44,36,8,11.7,4.3,1.5,3.2,45.1,0.9,2.4,39.4,0.5,0.6,78.6,0.3,1.1,1.4,0.8,0.4,0.3,0.5,1.1,0,0,2.3
Jonas Jerebko,BOS,29,52,34,18,16.8,4.3,1.7,3.7,45.1,0.6,1.8,34.7,0.3,0.4,81.0,0.8,2.7,3.5,0.9,0.6,0.4,0.3,1.7,0,0,0.1
Alexis Ajinca,NOP,28,21,6,15,14.1,4.3,1.9,4.1,46.5,0.0,0.1,0.0,0.5,0.7,71.4,1.0,3.3,4.3,0.3,0.8,0.4,0.7,1.7,0,0,-3.8
Okaro White,MIA,24,11,11,0,15.5,4.3,1.4,2.6,51.7,0.6,1.4,46.7,0.9,0.9,100,0.5,2.2,2.6,0.5,0.6,0.3,0.4,1.8,0,0,2.2
Stanley Johnson,DET,20,49,23,26,16.7,4.2,1.6,4.0,39.9,0.4,1.5,30.1,0.5,0.8,65.0,0.5,1.9,2.4,1.4,0.8,0.7,0.4,1.5,0,0,-1.0
David West,GSW,36,42,36,6,11.5,4.1,1.7,3.2,54.5,0.0,0.1,50.0,0.6,0.8,74.3,0.6,2.1,2.7,2.1,1.0,0.7,0.5,1.4,0,0,2.2
Paul Zipser,CHI,22,23,11,12,15.2,4.1,1.3,4.0,34.1,0.6,2.0,28.3,0.9,1.1,80.0,0.3,1.9,2.3,0.4,0.7,0.3,0.2,1.0,0,0,-0.2
Ed Davis,POR,27,43,18,25,17.0,4.1,1.5,2.9,52.4,0.0,0.0,0.0,1.0,1.6,67.2,2.0,3.1,5.1,0.5,0.8,0.3,0.5,3.0,2,0,-2.0
Corey Brewer,HOU,30,56,39,17,15.5,4.1,1.6,3.8,40.9,0.4,1.6,23.3,0.6,0.8,72.7,0.4,1.6,2.0,1.0,0.6,0.6,0.2,1.7,0,0,2.3
Adreian Payne,MIN,25,12,4,8,7.7,4.0,1.4,3.3,43.6,0.2,0.8,20.0,1.0,1.3,80.0,0.5,1.2,1.7,0.3,0.6,0.4,0.3,1.8,0,0,-1.5
Tyler Zeller,BOS,27,33,20,13,12.0,4.0,1.8,3.8,46.8,0.0,0.0,0.0,0.5,0.8,57.7,1.1,1.9,3.0,0.8,0.4,0.2,0.5,1.3,1,0,1.2
Bobby Portis,CHI,22,35,15,20,11.5,3.9,1.7,3.5,47.2,0.3,0.7,38.5,0.3,0.6,52.4,1.1,2.1,3.2,0.5,0.5,0.2,0.1,1.3,0,0,-1.3
Anthony Brown,ORL,24,11,3,8,14.5,3.9,1.6,4.5,36.0,0.6,2.5,25.9,0.0,0.0,0.0,0.7,2.3,3.0,0.7,0.5,0.5,0.1,1.4,0,0,0.4
Jarell Martin,MEM,22,40,23,17,13.4,3.9,1.4,3.6,37.5,0.2,0.7,34.6,1.0,1.2,79.2,0.9,3.0,3.9,0.2,0.7,0.4,0.2,2.3,1,0,-1.3
Boban Marjanovic,DET,28,22,12,10,6.8,3.9,1.5,3.0,47.8,0.0,0.0,0.0,1.0,1.2,77.8,1.3,1.9,3.2,0.2,0.3,0.1,0.4,0.5,2,0,0.0
Rashad Vaughn,MIL,20,21,8,13,11.1,3.9,1.5,4.0,36.5,0.9,2.4,35.3,0.0,0.1,50.0,0.0,1.1,1.2,0.4,0.3,0.5,0.2,0.6,0,0,-0.8
Thomas Robinson,LAL,25,34,10,24,11.0,3.9,1.7,3.3,52.3,0.0,0.0,0.0,0.4,1.0,42.9,1.7,2.7,4.4,0.7,0.7,0.5,0.3,1.6,0,0,-3.2
Timothe Luwawu-Cabarrot,PHI,21,40,14,26,11.6,3.8,1.2,3.0,40.8,0.3,1.0,32.5,1.0,1.3,77.4,0.3,1.2,1.5,0.7,0.8,0.2,0.2,1.6,0,0,-2.0
Kris Dunn,MIN,22,49,19,30,17.0,3.8,1.5,3.9,37.3,0.3,0.9,28.3,0.6,1.0,58.0,0.3,1.9,2.2,2.6,1.4,0.9,0.4,2.1,0,0,-1.1
Dejounte Murray,SAS,20,29,23,6,8.2,3.8,1.4,3.3,44.2,0.3,0.7,42.1,0.6,0.9,72.0,0.1,0.8,0.9,1.1,1.0,0.2,0.1,0.7,0,0,-0.1
Kevin Seraphin,IND,27,29,13,16,10.5,3.7,1.8,3.5,51.5,0.0,0.0,0.0,0.1,0.2,66.7,0.9,2.2,3.1,0.5,0.5,0.1,0.4,1.2,0,0,-2.2
Juan Hernangomez,DEN,21,36,15,21,11.2,3.7,1.2,2.6,46.3,0.5,1.2,39.5,0.8,1.1,68.3,0.7,2.1,2.8,0.4,0.3,0.4,0.3,0.9,0,0,-1.1
Paul Pierce,LAC,39,13,7,6,11.8,3.7,1.2,3.2,36.6,0.8,2.1,37.0,0.6,0.8,80.0,0.0,1.4,1.4,0.2,0.6,0.2,0.2,1.9,0,0,-0.2
Mario Hezonja,ORL,21,38,11,27,10.3,3.6,1.3,3.9,34.7,0.6,1.8,30.4,0.3,0.4,76.5,0.3,1.4,1.6,0.7,0.9,0.3,0.2,0.9,0,0,-2.6
Jason Terry,MIL,39,45,19,26,17.1,3.6,1.2,3.0,39.7,0.9,2.2,39.8,0.3,0.4,81.3,0.2,1.0,1.2,1.4,0.4,0.6,0.3,1.2,0,0,1.6
Malachi Richardson,SAC,21,18,6,12,8.0,3.5,1.2,2.9,42.3,0.4,1.3,30.4,0.7,0.9,75.0,0.1,0.7,0.8,0.4,0.4,0.2,0.1,1.0,0,0,-0.7
Denzel Valentine,CHI,23,28,13,15,12.2,3.4,1.2,3.9,30.6,0.8,2.6,29.7,0.3,0.3,87.5,0.1,1.5,1.6,0.7,0.6,0.5,0.1,1.0,0,0,-1.6
Wade Baldwin IV,MEM,20,24,15,9,12.9,3.4,1.1,3.5,31.0,0.1,0.8,11.1,1.1,1.3,84.4,0.3,1.1,1.4,2.0,1.3,0.5,0.3,1.3,0,0,-4.0
Tyus Jones,MIN,20,32,12,20,11.7,3.4,1.1,2.7,41.9,0.5,1.2,41.0,0.6,0.8,83.3,0.2,0.8,1.0,2.3,0.6,0.7,0.1,0.9,0,0,1.4
Jared Sullinger,TOR,24,11,2,9,10.7,3.4,1.4,4.3,31.9,0.3,1.6,16.7,0.4,0.7,50.0,0.9,1.5,2.5,0.3,0.4,0.4,0.1,1.5,0,0,-2.7
Shabazz Napier,POR,25,30,12,18,7.6,3.3,1.1,2.9,37.5,0.6,1.8,32.1,0.6,0.8,73.9,0.1,0.7,0.7,0.9,0.7,0.6,0.0,0.6,0,0,0.2
Jose Calderon,LAL,35,24,6,18,12.2,3.3,1.3,3.2,41.6,0.5,1.4,35.3,0.2,0.2,100,0.3,1.4,1.8,2.1,1.1,0.3,0.0,0.9,0,0,-5.5
Taurean Prince,ATL,22,31,16,15,9.8,3.3,1.1,2.9,37.8,0.3,1.1,27.3,0.8,0.9,89.7,0.2,1.6,1.8,0.7,0.6,0.3,0.3,1.0,0,0,-0.7
Noah Vonleh,POR,21,46,20,26,12.9,3.3,1.3,3.2,40.9,0.2,0.4,35.0,0.5,0.9,56.1,1.4,2.7,4.1,0.2,0.8,0.3,0.3,1.6,0,0,-3.1
Nicolas Laprovittola,SAS,27,18,15,3,9.7,3.3,1.1,2.6,42.6,0.6,1.5,37.0,0.5,0.5,100,0.1,0.5,0.6,1.6,1.1,0.2,0.1,1.1,0,0,-2.4
Ron Baker,NYK,23,26,7,19,11.2,3.3,1.2,3.2,37.3,0.5,1.4,32.4,0.4,0.7,61.1,0.2,1.3,1.5,1.0,0.8,0.6,0.1,1.0,0,0,0.2
Darrun Hilliard,DET,23,27,14,13,10.7,3.3,1.1,3.6,32.3,0.3,1.3,25.0,0.6,0.9,70.8,0.1,0.9,1.0,0.9,0.7,0.3,0.0,1.1,0,0,-0.3
Semaj Christon,OKC,24,38,21,17,15.1,3.2,1.4,4.0,34.2,0.2,1.1,19.5,0.3,0.6,52.4,0.3,1.1,1.4,2.4,0.7,0.4,0.1,1.3,0,0,-3.0
Dragan Bender,PHX,19,38,11,27,12.7,3.2,1.2,3.3,37.1,0.7,2.1,32.1,0.1,0.2,37.5,0.4,1.7,2.2,0.4,0.7,0.2,0.5,1.6,1,0,0.0
Tomas Satoransky,WAS,25,36,21,15,14.2,3.2,1.3,2.9,43.7,0.2,0.7,24.0,0.5,0.7,75.0,0.5,1.3,1.8,1.9,0.8,0.5,0.1,1.3,1,0,0.5
Brandon Rush,MIN,31,19,5,14,15.7,3.2,1.1,3.1,36.2,0.8,1.8,42.9,0.2,0.2,75.0,0.4,1.2,1.5,0.7,0.5,0.4,0.4,0.5,0,0,-0.5
Wesley Johnson,LAC,29,46,26,20,13.2,3.2,1.2,3.3,37.3,0.5,1.9,26.7,0.2,0.3,66.7,0.5,2.7,3.2,0.5,0.3,0.5,0.5,1.4,0,0,-0.5
DeAndre' Bembry,ATL,22,23,12,11,10.4,3.1,1.4,3.0,47.8,0.0,0.4,0.0,0.3,0.6,42.9,0.3,1.3,1.7,0.7,0.3,0.2,0.1,0.7,0,0,-1.3
Patrick McCaw,GSW,21,42,35,7,12.1,3.1,1.1,2.9,40.0,0.6,1.7,37.5,0.2,0.3,50.0,0.2,0.8,1.0,0.9,0.5,0.4,0.2,0.9,0,0,-0.5
Sheldon McClellan,WAS,24,23,13,10,10.6,3.0,1.0,2.7,36.5,0.3,1.1,23.1,0.8,0.9,85.7,0.2,1.1,1.3,0.7,0.1,0.3,0.1,0.7,0,0,-1.8
Alan Anderson,LAC,34,20,12,8,11.1,3.0,1.1,3.1,34.4,0.6,1.7,33.3,0.4,0.5,70.0,0.2,0.8,1.0,0.5,0.4,0.2,0.0,1.2,0,0,-2.0
Andrew Bogut,DAL,32,25,8,17,22.6,3.0,1.4,3.1,46.8,0.0,0.0,0.0,0.1,0.4,27.3,2.1,6.3,8.4,1.9,1.6,0.5,1.0,3.2,0,0,-1.2
Malik Beasley,DEN,20,16,7,9,4.8,3.0,1.1,2.6,43.9,0.4,1.0,37.5,0.4,0.5,75.0,0.1,0.3,0.4,0.4,0.1,0.3,0.0,0.4,0,0,2.1
Chinanu Onuaku,HOU,20,2,1,1,4.9,3.0,1.0,1.0,100,0.0,0.0,0.0,1.0,1.0,100,0.5,1.0,1.5,0.5,0.0,0.5,0.0,0.5,0,0,-6.0
Thon Maker,MIL,19,26,11,15,5.7,2.9,1.0,1.8,54.2,0.4,0.7,61.1,0.5,0.8,61.9,0.4,0.8,1.2,0.1,0.2,0.2,0.4,1.0,0,0,-0.3
Tyler Ulis,PHX,21,33,7,26,8.7,2.9,1.2,3.2,38.1,0.2,0.4,35.7,0.3,0.4,78.6,0.2,0.5,0.7,1.0,0.7,0.6,0.0,0.8,0,0,-0.1
James Jones,CLE,36,32,20,12,7.1,2.9,0.9,1.8,53.6,0.8,1.3,58.5,0.3,0.4,64.3,0.1,0.6,0.7,0.2,0.2,0.1,0.2,0.7,0,0,-0.9
Kevon Looney,GSW,21,39,34,5,8.9,2.9,1.2,2.0,59.5,0.0,0.2,16.7,0.5,0.7,64.3,0.9,1.7,2.6,0.6,0.3,0.2,0.4,1.5,0,0,0.5
Kyle Anderson,SAS,23,47,36,11,13.6,2.9,1.0,2.4,43.4,0.2,0.4,38.1,0.6,0.8,80.6,0.4,2.2,2.6,1.1,0.6,0.7,0.4,0.8,0,0,2.2
Skal Labissiere,SAC,20,7,1,6,6.1,2.9,0.9,1.6,54.5,0.0,0.0,0.0,1.1,1.6,72.7,1.0,0.7,1.7,0.0,0.3,0.3,0.0,0.0,0,0,1.7
Fred VanVleet,TOR,22,21,14,7,6.9,2.9,1.0,2.9,36.1,0.3,0.9,38.9,0.4,0.5,81.8,0.1,0.8,0.9,0.9,0.2,0.5,0.0,0.9,0,0,1.0
Salah Mejri,DAL,30,47,18,29,13.4,2.9,1.2,1.7,68.3,0.0,0.0,0.0,0.5,0.7,64.7,1.4,3.0,4.3,0.2,0.6,0.5,1.0,2.2,1,0,-1.0
Omer Asik,NOP,30,30,11,19,15.9,2.8,1.0,2.2,47.7,0.0,0.0,0.0,0.8,1.3,59.0,1.6,3.8,5.4,0.5,0.4,0.2,0.3,1.6,1,0,-1.8
DeAndre Liggins,CLE,28,43,30,13,14.4,2.8,1.0,2.6,38.4,0.4,1.0,38.1,0.4,0.7,65.5,0.3,1.3,1.6,0.9,0.7,0.8,0.3,1.5,0,0,1.6
Marcelo Huertas,LAL,33,22,5,17,10.4,2.8,1.1,2.9,37.5,0.2,0.8,22.2,0.4,0.8,52.9,0.1,1.0,1.1,2.3,0.9,0.5,0.1,0.7,0,0,-1.8
Alan Williams,PHX,24,20,3,17,6.3,2.7,1.1,2.0,53.8,0.0,0.0,0.0,0.6,1.2,52.2,1.3,1.4,2.7,0.1,0.5,0.4,0.5,1.4,2,0,1.1
Chris McCullough,BKN,22,13,0,13,5.5,2.7,1.2,2.4,51.6,0.1,0.5,16.7,0.2,0.2,66.7,0.7,0.6,1.3,0.2,0.2,0.1,0.2,0.5,0,0,3.7
Miles Plumlee,CHA,28,35,16,19,10.2,2.7,1.0,2.2,47.4,0.0,0.0,0.0,0.6,1.0,62.9,0.8,1.1,1.9,0.6,0.7,0.3,0.3,1.5,0,0,-0.8
KJ McDaniels,HOU,24,28,20,8,7.4,2.7,1.0,2.3,45.3,0.3,0.9,32.0,0.3,0.4,90.0,0.1,0.9,1.0,0.1,0.4,0.2,0.3,0.9,0,0,-0.9
Andrew Nicholson,WAS,27,27,17,10,8.5,2.6,1.1,2.8,39.5,0.1,0.6,18.8,0.3,0.4,58.3,0.4,0.9,1.3,0.3,0.4,0.4,0.2,1.4,0,0,-2.4
Jeff Withey,UTA,26,30,21,9,8.1,2.5,0.9,1.6,56.3,0.0,0.0,0.0,0.7,0.9,78.6,0.8,1.5,2.3,0.1,0.3,0.3,0.7,1.0,0,0,-0.9
Mike Scott,ATL,28,17,7,10,10.7,2.5,0.9,3.4,28.1,0.2,1.6,14.8,0.4,0.5,87.5,0.6,1.6,2.2,0.9,0.4,0.2,0.2,0.7,0,0,-2.7
James Michael McAdoo,GSW,24,25,21,4,8.6,2.5,1.1,2.0,54.9,0.0,0.1,0.0,0.3,0.4,63.6,0.5,1.1,1.6,0.4,0.5,0.2,0.4,0.8,0,0,-1.0
Joe Young,IND,24,24,12,12,4.9,2.5,1.0,2.7,35.9,0.2,0.9,22.7,0.4,0.5,69.2,0.0,0.5,0.6,0.5,0.2,0.2,0.0,0.2,0,0,-1.9
Demetrius Jackson,BOS,22,4,1,3,4.2,2.5,0.8,1.0,75.0,0.3,0.3,100,0.8,1.5,50.0,0.5,0.5,1.0,0.8,0.0,0.0,0.0,0.0,0,0,0.3
Maurice Ndour,NYK,24,19,6,13,7.4,2.4,0.9,2.0,47.4,0.1,0.3,20.0,0.5,0.5,90.0,0.4,0.9,1.4,0.1,0.3,0.4,0.1,0.8,0,0,0.2
Brian Roberts,CHA,31,17,8,9,7.3,2.4,0.6,1.8,32.3,0.2,0.6,40.0,1.0,1.2,85.0,0.1,0.6,0.7,1.2,0.5,0.1,0.0,0.3,0,0,-1.3
Jake Layman,POR,22,23,8,15,6.3,2.3,0.8,2.4,32.1,0.4,1.7,23.7,0.4,0.6,69.2,0.1,0.5,0.6,0.3,0.2,0.3,0.1,0.6,0,0,1.5
Chris Andersen,CLE,38,12,8,4,9.5,2.3,0.8,1.8,40.9,0.0,0.3,0.0,0.8,1.2,71.4,0.8,1.8,2.6,0.4,0.4,0.4,0.6,1.7,0,0,0.7
Greivis Vasquez,BKN,30,3,1,2,12.9,2.3,0.7,2.7,25.0,0.3,1.0,33.3,0.7,1.0,66.7,0.0,0.7,0.7,1.7,0.3,0.3,0.3,2.0,0,0,-4.3
Lavoy Allen,IND,28,40,22,18,13.7,2.3,1.0,2.5,40.8,0.0,0.0,0.0,0.3,0.5,72.2,1.1,1.6,2.7,1.0,0.4,0.3,0.3,1.3,1,0,-2.2
Sasha Vujacic,NYK,32,28,10,18,8.2,2.3,0.8,2.3,32.8,0.4,1.3,30.6,0.4,0.5,80.0,0.1,1.1,1.2,0.8,0.4,0.3,0.1,0.8,0,0,0.8
Jordan Mickey,BOS,22,15,6,9,7.6,2.3,0.9,1.9,48.3,0.0,0.1,0.0,0.4,0.7,60.0,0.8,1.0,1.8,0.3,0.5,0.1,0.2,0.6,0,0,-3.2
Johnny O'Bryant III,DEN,23,4,1,3,4.5,2.3,0.8,2.0,37.5,0.3,0.5,50.0,0.5,0.5,100,0.0,0.8,0.8,0.3,0.3,0.0,0.0,0.3,0,0,-0.8
Raul Neto,UTA,24,27,17,10,7.6,2.2,0.9,2.1,43.9,0.2,0.8,28.6,0.1,0.1,100,0.0,0.7,0.7,0.7,0.4,0.4,0.0,1.0,0,0,1.7
Jakob Poeltl,TOR,21,29,21,8,10.2,2.2,0.8,1.7,48.0,0.0,0.0,0.0,0.5,0.9,57.7,1.3,1.4,2.7,0.2,0.4,0.3,0.3,2.0,0,0,-1.7
Udonis Haslem,MIA,36,15,5,10,8.6,2.1,0.7,1.5,50.0,0.0,0.1,0.0,0.6,1.0,60.0,0.5,1.8,2.3,0.4,0.5,0.4,0.1,1.4,0,0,-4.3
Kyle Singler,OKC,28,26,13,13,10.2,2.0,0.8,2.0,38.5,0.2,1.0,23.1,0.3,0.3,87.5,0.1,1.0,1.1,0.2,0.4,0.1,0.1,0.8,0,0,0.0
Lamar Patterson,ATL,25,3,1,2,6.8,2.0,0.7,2.7,25.0,0.0,0.7,0.0,0.7,1.0,66.7,0.3,1.0,1.3,0.0,0.7,0.0,0.0,1.7,0,0,-0.3
Edy Tavares,ATL,24,1,1,0,3.6,2.0,1.0,1.0,100,0.0,0.0,0.0,0.0,2.0,0.0,0.0,1.0,1.0,0.0,0.0,0.0,0.0,0.0,0,0,6.0
Jordan Hill,MIN,29,5,2,3,7.9,2.0,0.8,2.2,36.4,0.0,0.0,0.0,0.4,0.4,100,1.4,1.2,2.6,0.0,0.6,0.2,0.0,1.8,0,0,1.2
Diamond Stone,LAC,20,5,4,1,4.1,2.0,0.6,2.2,27.3,0.0,0.0,0.0,0.8,0.8,100,0.2,0.6,0.8,0.0,0.2,0.0,0.2,1.0,0,0,-4.4
Gary Neal,ATL,32,2,1,1,9.2,2.0,0.0,3.5,0.0,0.0,1.0,0.0,2.0,2.0,100,0.0,0.5,0.5,0.5,0.0,0.0,0.0,0.5,0,0,-2.5
Damjan Rudez,ORL,30,33,10,23,7.6,2.0,0.7,1.9,37.5,0.5,1.5,35.3,0.0,0.0,0.0,0.2,0.5,0.7,0.5,0.2,0.3,0.0,0.8,0,0,-1.3
Briante Weber,GSW,24,1,1,0,6.8,2.0,1.0,2.0,50.0,0.0,0.0,0.0,0.0,0.0,0.0,0.0,2.0,2.0,1.0,0.0,0.0,0.0,0.0,0,0,10.0
Tyler Ennis,HOU,22,30,21,9,6.2,1.9,0.8,2.1,39.7,0.2,0.5,37.5,0.1,0.1,66.7,0.1,0.4,0.5,1.0,0.7,0.2,0.0,0.9,0,0,-1.8
Deyonta Davis,MEM,20,25,17,8,7.3,1.9,0.8,1.6,51.3,0.0,0.0,0.0,0.3,0.6,53.3,0.7,1.4,2.0,0.1,0.3,0.0,0.6,1.2,0,0,-0.8
Pat Connaughton,POR,24,25,9,16,6.6,1.8,0.7,1.2,58.1,0.2,0.4,54.5,0.2,0.2,66.7,0.2,0.6,0.8,0.5,0.1,0.1,0.1,0.3,0,0,-0.2
Cole Aldrich,MIN,28,48,18,30,9.5,1.8,0.8,1.5,52.1,0.0,0.0,0.0,0.3,0.4,66.7,0.9,2.0,2.9,0.5,0.3,0.5,0.4,1.6,1,0,-0.8
John Jenkins,PHX,25,4,0,4,3.2,1.8,0.5,1.3,40.0,0.3,0.5,50.0,0.5,0.5,100,0.0,0.3,0.3,0.3,0.0,0.0,0.0,0.0,0,0,2.3
Joel Anthony,SAS,34,7,5,2,7.0,1.7,0.7,1.1,62.5,0.0,0.0,0.0,0.3,0.3,100,0.7,1.3,2.0,0.1,0.1,0.1,0.1,0.6,0,0,-1.4
James Young,BOS,21,16,9,7,5.9,1.6,0.6,1.4,39.1,0.3,0.8,33.3,0.3,0.3,80.0,0.2,0.7,0.9,0.3,0.1,0.2,0.0,0.4,0,0,0.8
Nicolas Brussino,DAL,23,34,10,24,6.9,1.6,0.6,1.5,37.3,0.3,1.0,28.6,0.2,0.3,66.7,0.3,0.9,1.2,0.6,0.3,0.3,0.1,0.6,0,0,-0.4
Treveon Graham,CHA,23,17,8,9,5.9,1.5,0.4,0.9,43.8,0.3,0.4,71.4,0.4,0.6,70.0,0.1,0.6,0.8,0.3,0.1,0.1,0.0,0.8,0,0,-0.3
Ian Mahinmi,WAS,30,2,1,1,13.1,1.5,0.5,2.0,25.0,0.0,0.0,0.0,0.5,1.0,50.0,1.0,2.0,3.0,0.0,1.0,1.0,0.5,3.0,0,0,-7.0
Jarnell Stokes,DEN,23,2,0,2,3.3,1.5,0.5,0.5,100,0.0,0.0,0.0,0.5,1.0,50.0,0.5,0.5,1.0,1.0,0.0,0.5,0.0,1.5,0,0,0.0
Damian Jones,GSW,21,4,3,1,6.1,1.5,0.5,0.8,66.7,0.0,0.0,0.0,0.5,0.5,100,0.5,0.8,1.3,0.0,1.0,0.3,0.3,1.5,0,0,-0.8
Henry Ellenson,DET,20,14,6,8,4.0,1.5,0.6,1.6,34.8,0.3,1.0,28.6,0.1,0.1,100,0.1,0.7,0.9,0.3,0.4,0.0,0.0,0.2,0,0,-1.1
AJ Hammons,DAL,24,17,3,14,4.5,1.4,0.5,1.3,40.9,0.2,0.4,66.7,0.1,0.6,20.0,0.3,0.9,1.2,0.1,0.2,0.0,0.4,0.6,0,0,1.8
Christian Wood,CHA,21,3,1,2,5.5,1.3,0.3,1.0,33.3,0.0,0.7,0.0,0.7,0.7,100,0.0,2.0,2.0,0.3,0.0,0.0,0.7,0.0,0,0,2.3
Rakeem Christmas,IND,25,6,2,4,3.4,1.3,0.3,1.0,33.3,0.0,0.0,0.0,0.7,0.8,80.0,0.3,0.5,0.8,0.2,0.0,0.2,0.3,0.3,0,0,0.0
Tim Quarterman,POR,22,12,4,8,3.3,1.3,0.6,0.8,70.0,0.2,0.4,40.0,0.0,0.0,0.0,0.2,0.3,0.5,0.6,0.3,0.1,0.2,0.3,0,0,1.0
Bryn Forbes,SAS,23,19,14,5,5.0,1.3,0.5,1.5,35.7,0.2,0.7,28.6,0.1,0.1,100,0.1,0.4,0.4,0.2,0.0,0.1,0.0,0.5,0,0,-2.1
Anderson Varejao,GSW,34,14,12,2,6.6,1.3,0.4,1.0,35.7,0.0,0.0,0.0,0.6,0.8,72.7,0.9,1.1,1.9,0.7,0.6,0.2,0.2,1.1,0,0,-2.1
Mike Miller,DEN,36,11,3,8,5.1,1.3,0.4,0.9,40.0,0.4,0.7,50.0,0.2,0.2,100,0.1,1.2,1.3,0.7,0.6,0.0,0.0,0.2,0,0,-0.5
Stephen Zimmerman,ORL,20,8,3,5,4.0,1.3,0.6,1.4,45.5,0.0,0.0,0.0,0.0,0.1,0.0,0.5,1.3,1.8,0.1,0.0,0.1,0.1,0.1,0,0,-1.1
Nick Collison,OKC,36,13,5,8,6.1,1.2,0.5,0.8,60.0,0.0,0.0,0.0,0.3,0.5,57.1,0.3,0.8,1.2,0.6,0.3,0.1,0.1,0.7,0,0,0.4
Marshall Plumlee,NYK,24,8,3,5,8.1,1.1,0.4,0.5,75.0,0.0,0.0,0.0,0.4,0.8,50.0,1.0,1.1,2.1,0.5,0.5,0.1,0.3,1.5,0,0,0.9
Bobby Brown,HOU,32,16,11,5,2.9,1.1,0.4,1.7,25.9,0.3,0.9,28.6,0.0,0.0,0.0,0.0,0.3,0.3,0.1,0.1,0.0,0.0,0.1,0,0,-1.9
Kyle Wiltjer,HOU,24,9,8,1,3.3,1.1,0.3,1.1,30.0,0.3,1.1,30.0,0.1,0.2,50.0,0.3,0.4,0.8,0.0,0.3,0.0,0.1,0.3,0,0,-3.1
Ryan Kelly,ATL,25,9,3,6,5.3,1.1,0.3,1.1,30.0,0.2,0.6,40.0,0.2,0.2,100,0.0,1.1,1.1,0.6,0.2,0.4,0.2,0.3,0,0,2.0
Daniel Ochefu,WAS,23,13,9,4,3.6,1.1,0.5,1.2,46.7,0.0,0.0,0.0,0.0,0.2,0.0,0.2,1.0,1.2,0.2,0.2,0.1,0.0,0.9,0,0,-1.4
Metta World Peace,LAL,37,18,4,14,4.5,1.0,0.3,1.6,21.4,0.1,0.9,12.5,0.2,0.4,50.0,0.2,0.3,0.5,0.3,0.2,0.2,0.1,0.7,0,0,-3.7
Georges Niang,IND,23,21,11,10,4.2,0.9,0.4,1.6,23.5,0.0,0.5,9.1,0.1,0.1,100,0.1,0.6,0.7,0.2,0.2,0.1,0.0,0.3,0,0,-0.4
Joel Bolomboy,UTA,23,9,6,3,2.3,0.9,0.3,0.6,60.0,0.0,0.1,0.0,0.2,0.4,50.0,0.1,1.0,1.1,0.1,0.1,0.1,0.1,0.1,0,0,-0.2
CJ Wilcox,ORL,26,16,6,10,4.7,0.9,0.3,1.1,29.4,0.1,0.8,16.7,0.1,0.1,100,0.1,0.4,0.6,0.6,0.3,0.1,0.1,0.3,0,0,-0.4
Alonzo Gee,DEN,29,13,4,9,6.9,0.8,0.2,1.1,21.4,0.0,0.2,0.0,0.4,0.7,55.6,0.3,0.8,1.1,0.5,0.3,0.4,0.1,1.1,0,0,-1.4
Georgios Papagiannis,SAC,19,3,1,2,3.4,0.7,0.3,0.3,100,0.0,0.0,0.0,0.0,0.0,0.0,0.0,0.3,0.3,0.0,0.3,0.0,0.0,1.0,0,0,0.0
Steve Novak,MIL,33,8,6,2,2.7,0.6,0.3,0.9,28.6,0.1,0.8,16.7,0.0,0.0,0.0,0.0,0.4,0.4,0.0,0.0,0.0,0.0,0.1,0,0,0.0
"Derrick Jones, Jr.",PHX,19,5,0,5,3.0,0.6,0.2,0.2,100,0.0,0.0,0.0,0.2,0.2,100,0.0,0.0,0.0,0.0,0.0,0.0,0.2,0.2,0,0,1.2
Arinze Onuaku,ORL,29,8,3,5,3.5,0.5,0.3,0.5,50.0,0.0,0.0,0.0,0.0,0.0,0.0,0.3,0.5,0.8,0.3,0.3,0.0,0.1,0.4,0,0,-1.9
Michael Gbinije,DET,24,9,7,2,3.5,0.4,0.1,1.1,10.0,0.0,0.4,0.0,0.2,0.2,100,0.2,0.1,0.3,0.2,0.0,0.0,0.0,0.2,0,0,-0.3
John Lucas III,MIN,34,5,3,2,2.1,0.4,0.2,0.8,25.0,0.0,0.2,0.0,0.0,0.0,0.0,0.0,0.0,0.0,0.2,0.0,0.4,0.0,0.0,0,0,2.4
Bruno Caboclo,TOR,21,8,7,1,2.9,0.4,0.1,0.6,20.0,0.1,0.4,33.3,0.0,0.0,0.0,0.4,0.4,0.8,0.4,0.3,0.3,0.0,0.4,0,0,0.5
Aaron Harrison,CHA,22,5,2,3,3.3,0.2,0.0,0.8,0.0,0.0,0.4,0.0,0.2,0.4,50.0,0.0,0.6,0.6,0.6,0.0,0.0,0.0,0.4,0,0,-1.0
RJ Hunter,CHI,23,3,2,1,3.1,0.0,0.0,0.3,0.0,0.0,0.3,0.0,0.0,0.0,0.0,0.0,0.3,0.3,0.0,0.0,0.0,0.0,0.0,0,0,-3.3
Danuel House,WAS,23,1,0,1,0.8,0.0,0.0,0.0,0.0,0.0,0.0,0.0,0.0,0.0,0.0,0.0,1.0,1.0,0.0,0.0,0.0,0.0,0.0,0,0,0.0
