Region,Export Country,Year,WEX,WEM,ECA,ANZ,USC,LAC,AME,APA
WEX,FRA,1990,51964,1042875,3115,2969,127902,15272,18145,45659
WEX,FRA,1991,58132,1050420,7111,2138,143885,13016,18768,38738
WEX,FRA,1992,30041,994334,5838,2028,120905,13116,17434,37354
WEX,FRA,1993,17374,962743,14096,1956,116073,15988,16186,38696
WEX,FRA,1994,18838,996002,16283,2213,122839,15932,17650,50599
WEX,FRA,1995,29218,961470,11953,4949,140186,27047,20384,62995
WEX,FRA,1996,20708,1071780,17000,2219,158079,10542,10741,69385
WEX,FRA,1997,24536,1210927,22812,4099,210475,12827,12308,115649
WEX,FRA,1998,39698,1285161,41168,3778,187751,14941,13459,144306
WEX,FRA,1999,52551,1287925,48684,5104,175514,14943,17575,90454
WEX,FRA,2000,40584,1113472,34655,3263,175382,14203,15789,85783
WEX,FRA,2001,25159,1216253,44621,3056,168406,13179,16021,89803
WEX,FRA,2002,28126,1152888,53722,3880,171297,10810,18678,92642
WEX,FRA,2003,29309,1118542,72765,4102,158829,10250,16024,87276
WEX,FRA,2004,32993,1046981,53897,3866,152054,10551,16157,97594
WEX,FRA,2005,35718,998035,58885,4325,156043,9639,17369,95387
WEX,FRA,2006,37150,999870,106902,5315,169419,11237,21025,105275
WEX,FRA,2007,39378,1038688,104970,6147,166937,12134,24359,115555
WEX,FRA,2008,33957,951442,53862,8972,154948,11454,27031,128598
WEX,FRA,2009,27213,859505,47257,5468,141106,8570,22479,141077
WEX,ITA,1990,364022,707693,6181,4963,118575,2019,10361,4993
WEX,ITA,1991,381036,697050,11830,4848,123053,2268,1156,5366
WEX,ITA,1992,336139,655015,31448,4060,118238,2399,2568,5347
WEX,ITA,1993,266153,615815,71585,4037,109128,3866,1373,5493
WEX,ITA,1994,495330,754255,120805,4444,127992,6448,3642,10578
WEX,ITA,1995,644515,1001434,118256,7519,169276,9996,2281,16416
WEX,ITA,1996,324870,798421,65975,2219,158079,7808,1793,20644
WEX,ITA,1997,261224,867834,56697,4099,210475,11198,2052,33395
WEX,ITA,1998,367634,862127,52635,3778,187751,12434,2439,67036
WEX,ITA,1999,595592,995663,54248,5104,175514,14932,6499,39369
WEX,ITA,2000,415426,967382,69529,3263,175382,17013,7970,41597
WEX,ITA,2001,267940,929692,56712,3056,168406,15936,16316,43548
WEX,ITA,2002,197304,963101,54942,3880,171297,13937,12465,41392
WEX,ITA,2003,112807,826121,46125,4102,158829,12493,4871,35139
WEX,ITA,2004,123338,896924,54480,3866,152054,13549,3353,35720
WEX,ITA,2005,146167,1004962,91023,4325,156043,13021,3993,37706
WEX,ITA,2006,180260,1117164,149258,5315,169419,16095,4550,43671
WEX,ITA,2007,159464,1129719,182671,6147,166937,19016,4894,45786
WEX,ITA,2008,133144,1105201,161146,8972,154948,19541,6942,48557
WEX,ITA,2009,155832,1218953,177582,5468,141106,16657,5687,48766
WEX,POR,1990,47004,71653,63,1215,10916,2160,25542,2790
WEX,POR,1991,47300,75773,1689,1058,10305,2440,32839,2801
WEX,POR,1992,87662,79110,200,988,9340,2174,76664,2213
WEX,POR,1993,68476,81808,1305,763,8614,2981,42901,2274
WEX,POR,1994,54465,83837,278,812,9186,3958,44006,2285
WEX,POR,1995,47297,76591,137,822,8952,5363,27560,2869
WEX,POR,1996,55628,81160,3313,627,10888,5851,34670,3482
WEX,POR,1997,91708,84167,1391,681,10951,7073,48632,5115
WEX,POR,1998,67317,84672,243,593,11415,5712,50837,4687
WEX,POR,1999,63960,74902,152,659,12792,5895,35693,2482
WEX,POR,2000,64474,80025,190,582,13987,6745,20550,1860
WEX,POR,2001,42345,74999,334,609,13255,6359,20894,1691
WEX,POR,2002,85533,72530,446,597,14298,4077,30141,1985
WEX,POR,2003,155376,82545,538,826,13991,4515,46696,1793
WEX,POR,2004,141039,90389,741,852,14875,5307,59898,2162
WEX,POR,2005,77204,84937,1290,674,15830,6771,62767,2275
WEX,POR,2006,86010,83784,10978,692,16158,7864,77858,2797
WEX,POR,2007,123755,89203,21994,852,17936,8140,75255,3476
WEX,POR,2008,91452,83290,12447,755,17892,7597,69337,3645
WEX,POR,2009,47807,87500,3820,676,18638,6925,60850,4400
WEX,SPN,1990,37038,236308,55923,622,28178,4617,53625,5405
WEX,SPN,1991,95677,350380,77442,395,23238,5289,64380,4439
WEX,SPN,1992,155877,367525,38511,646,25528,6473,55617,4475
WEX,SPN,1993,241434,418266,124472,416,24273,7286,64048,3881
WEX,SPN,1994,248737,404984,22734,8681,23998,6920,46519,6919
WEX,SPN,1995,173375,382763,9515,4791,23647,7750,60388,7067
WEX,SPN,1996,127487,377789,27129,1745,22890,9370,44523,6909
WEX,SPN,1997,233221,435713,30770,7842,23924,11095,57123,24143
WEX,SPN,1998,336425,515712,24489,13563,26157,28008,53960,50523
WEX,SPN,1999,76662,370667,19490,7656,30646,21333,53880,43451
WEX,SPN,2000,281949,336447,19139,3917,26915,102538,47484,37411
WEX,SPN,2001,334050,386707,26856,720,28798,106850,53076,22256
WEX,SPN,2002,290771,400020,35035,1035,34169,50783,65565,19658
WEX,SPN,2003,415843,479634,40196,1425,39394,33358,62449,18152
WEX,SPN,2004,508053,554994,51427,1779,47245,49384,46931,20658
WEX,SPN,2005,468475,525336,67136,1371,56967,37013,46514,44475
WEX,SPN,2006,359897,511606,86891,1455,63858,21657,44364,53880
WEX,SPN,2007,415967,500454,95086,1518,67517,95644,40989,39650
WEX,SPN,2008,517570,520101,100157,1783,68627,40539,38005,43773
WEX,SPN,2009,466168,462077,123710,1286,65520,92194,40213,38453
WEM,AUT,1990,65,5448,6453,na,181,na,na,142
WEM,AUT,1991,74,7184,13456,na,117,na,na,372
WEM,AUT,1992,550,8988,8036,na,115,na,na,89
WEM,AUT,1993,870,9732,429,na,155,na,na,103
WEM,AUT,1994,158,11280,1955,na,157,na,na,137
WEM,AUT,1995,285,11598,15931,2,154,na,na,298
WEM,AUT,1996,143,11722,11661,1,268,6,13,394
WEM,AUT,1997,199,19453,4075,10,282,17,7,540
WEM,AUT,1998,1306,21217,2352,11,364,15,6,520
WEM,AUT,1999,174,23062,6568,11,620,4,23,539
WEM,AUT,2000,180,28881,6119,29,501,11,48,281
WEM,AUT,2001,306,33499,20411,8,605,23,201,290
WEM,AUT,2002,5169,55615,17304,23,718,53,48,246
WEM,AUT,2003,2867,57555,24820,28,1086,11,46,207
WEM,AUT,2004,2238,45323,24751,16,1029,74,52,233
WEM,AUT,2005,3058,42664,20231,16,1042,15,18,205
WEM,AUT,2006,888,37660,10697,19,1635,29,31,237
WEM,AUT,2007,770,44477,8710,30,1647,19,41,200
WEM,AUT,2008,776,47681,8644,57,1844,40,68,229
WEM,AUT,2009,732,56269,10309,58,1771,25,86,329
WEM,BEL,1990,480,14964,na,na,62,70,22,87
WEM,BEL,1991,929,14642,241,na,90,101,6,211
WEM,BEL,1992,410,11881,na,na,191,342,na,55
WEM,BEL,1993,769,14973,1014,na,378,549,102,172
WEM,BEL,1994,1249,16167,388,na,150,973,109,218
WEM,BEL,1995,2276,19698,2018,22,44,283,316,119
WEM,BEL,1996,1497,16282,219,25,63,137,246,159
WEM,BEL,1997,2212,18841,230,24,157,159,331,411
WEM,BEL,1998,2104,20030,319,26,200,193,291,329
WEM,BEL,1999,561,610,0,na,13,na,1,16
WEM,BEL,2000,2934,17141,190,8,577,60,285,416
WEM,BEL,2001,2683,15360,255,11,234,299,222,390
WEM,BEL,2002,2949,13904,249,4,354,10,136,96
WEM,BEL,2003,2973,12281,252,20,207,33,220,53
WEM,BEL,2004,2137,11435,299,11,132,69,198,26
WEM,BEL,2005,3237,13350,659,7,227,237,259,25
WEM,BEL,2006,3589,14488,1545,1,208,51,342,58
WEM,BEL,2007,4673,13283,3143,18,10632,28,383,36
WEM,BEL,2008,4156,13951,3796,47,17562,74,254,114
WEM,BEL,2009,5892,13546,919,65,1860,37,289,173
WEM,DEN,1990,na,3089,na,na,76,na,na,na
WEM,DEN,1991,76,2998,167,na,51,na,na,na
WEM,DEN,1992,167,2253,na,na,71,20,na,na
WEM,DEN,1993,100,1981,719,na,52,18,na,na
WEM,DEN,1994,183,3014,1031,na,65,38,na,na
WEM,DEN,1995,652,3791,258,na,na,na,na,na
WEM,DEN,1996,183,4248,104,na,7,9,3,2
WEM,DEN,1997,432,8357,163,na,na,na,na,na
WEM,DEN,1998,257,11236,182,na,na,3,1,17
WEM,DEN,1999,19,1372,220,na,1,na,0,2
WEM,DEN,2000,38,9571,162,1,7,0,3,3
WEM,DEN,2001,99,18013,232,6,27,12,5,26
WEM,DEN,2002,1353,35688,250,0,0,1,8,20
WEM,DEN,2003,439,38409,191,0,7,0,11,17
WEM,DEN,2004,461,38998,143,18,71,18,13,1
WEM,DEN,2005,1289,36827,814,3,89,na,2,30
WEM,DEN,2006,569,39736,1330,na,129,0,4,28
WEM,DEN,2007,185,30007,1440,0,72,3,1,24
WEM,DEN,2008,63,39379,1836,6,74,0,2,10
WEM,DEN,2009,121,34183,1621,na,44,na,na,32
WEM,FIN,1990,na,74,na,na,na,na,na,na
WEM,FIN,1991,na,191,na,na,na,na,na,na
WEM,FIN,1992,15,23,na,na,na,na,na,na
WEM,FIN,1993,na,na,na,na,na,na,na,na
WEM,FIN,1994,na,na,27,na,na,na,na,na
WEM,FIN,1995,na,na,199,na,na,na,na,na
WEM,FIN,1996,na,0,220,na,na,na,na,2
WEM,FIN,1997,na,7,84,na,na,na,na,0
WEM,FIN,1998,na,13,151,na,0,na,na,0
WEM,FIN,1999,3,14,127,na,0,na,na,1
WEM,FIN,2000,na,39,90,na,0,na,na,1
WEM,FIN,2001,na,33,197,na,na,na,na,0
WEM,FIN,2002,na,26,256,na,0,na,na,1
WEM,FIN,2003,0,40,365,na,0,na,na,2
WEM,FIN,2004,3,99,552,na,na,na,21,1
WEM,FIN,2005,7,242,654,na,na,16,na,0
WEM,FIN,2006,4,136,942,na,na,21,0,na
WEM,FIN,2007,1,701,1147,9,na,24,1,na
WEM,FIN,2008,1,741,1105,na,na,4,1,0
WEM,FIN,2009,37,1293,1379,0,0,15,0,na
WEM,GER,1990,4076,215248,2400,1480,25084,7124,1853,15723
WEM,GER,1991,5816,209082,1668,1246,19769,6595,751,13131
WEM,GER,1992,13790,217074,3391,1125,20307,7297,1021,13140
WEM,GER,1993,24409,212210,21750,864,17641,10590,301,13641
WEM,GER,1994,17856,218882,48951,808,17939,14973,279,18188
WEM,GER,1995,18216,188354,34245,745,16458,14935,239,18057
WEM,GER,1996,18662,175322,16679,758,16762,10781,263,16300
WEM,GER,1997,13304,157165,16171,629,15673,8887,385,17786
WEM,GER,1998,9282,162268,11919,664,15615,6285,281,19856
WEM,GER,1999,11602,172166,7482,747,16842,6793,329,16712
WEM,GER,2000,16353,173203,10865,787,18900,6279,254,13368
WEM,GER,2001,14682,172298,14442,676,18746,8077,235,11834
WEM,GER,2002,16622,174042,15911,700,20120,4964,435,12056
WEM,GER,2003,18926,191377,19922,668,22904,4376,485,10685
WEM,GER,2004,15353,195904,19526,739,25521,3887,602,8696
WEM,GER,2005,16315,205381,23438,762,30325,3404,642,8927
WEM,GER,2006,14893,210111,40784,924,37378,3267,1895,9867
WEM,GER,2007,16485,227421,47733,1067,37702,3185,1997,8412
WEM,GER,2008,19618,230364,56021,1049,37157,2795,1506,9260
WEM,GER,2009,17643,231241,53556,898,33695,1773,1612,9109
WEM,GRE,1990,38792,37051,1671,383,3038,,,25
WEM,GRE,1991,28119,34611,57,350,3056,,,
WEM,GRE,1992,27408,31461,29,375,3767,,19,34
WEM,GRE,1993,5298,28419,8350,261,3107,,75,47
WEM,GRE,1994,19800,27603,6435,319,3531,,,111
WEM,GRE,1995,23606,35915,2803,349,3352,21,32,159
WEM,GRE,1996,10209,45287,737,400,3891,40,14,152
WEM,GRE,1997,6805,35105,650,416,3543,60,21,390
WEM,GRE,1998,28120,31826,527,484,3929,65,53,793
WEM,GRE,1999,9859,33516,597,587,3166,73,33,162
WEM,GRE,2000,8699,17970,360,250,3066,119,32,177
WEM,GRE,2001,5980,15903,490,240,3186,51,26,244
WEM,GRE,2002,2631,11987,447,145,2852,111,20,252
WEM,GRE,2003,6475,18440,494,190,3144,29,28,193
WEM,GRE,2004,6463,16790,505,178,3292,14,69,931
WEM,GRE,2005,4614,25305,897,271,2950,20,29,54
WEM,GRE,2006,8209,17350,1310,207,3056,28,19,48
WEM,GRE,2007,4569,19127,1808,325,3371,125,58,62
WEM,GRE,2008,3513,17567,2126,284,3009,123,11,90
WEM,GRE,2009,4227,18103,1205,261,2579,74,13,146
WEM,IRL,1990,na,219,na,na,9,13,na,na
WEM,IRL,1991,na,159,na,na,21,na,na,na
WEM,IRL,1992,na,195,na,na,na,na,na,na
WEM,IRL,1993,27,375,na,na,na,na,na,na
WEM,IRL,1994,na,646,15,na,na,32,na,na
WEM,IRL,1995,1,862,23,24,42,na,na,na
WEM,IRL,1996,1,956,0,44,29,11,37,21
WEM,IRL,1997,221,685,8,18,117,na,28,1
WEM,IRL,1998,4,5236,30,61,91,0,39,na
WEM,IRL,1999,na,na,na,na,na,na,na,na
WEM,IRL,2000,na,145,na,na,101,36,1,1
WEM,IRL,2001,0,344,0,na,167,14,1,1
WEM,IRL,2002,na,413,2,1,320,0,0,33
WEM,IRL,2003,40,529,1,4,108,0,25,na
WEM,IRL,2004,na,115,na,0,65,13,na,0
WEM,IRL,2005,184,335,na,5,34,34,11,0
WEM,IRL,2006,na,173,na,0,52,15,7,1
WEM,IRL,2007,2,447,na,2,57,na,10,na
WEM,IRL,2008,178,232,na,1,49,0,na,0
WEM,IRL,2009,10,919,na,0,27,1,na,0
WEM,NLD,1990,300,4085,277,22,94,na,na,184
WEM,NLD,1991,569,5481,na,13,201,na,61,58
WEM,NLD,1992,795,6233,541,na,113,75,21,116
WEM,NLD,1993,721,16327,2881,15,109,479,12,124
WEM,NLD,1994,824,7371,2922,15,148,172,81,177
WEM,NLD,1995,858,7542,852,79,64,80,81,1462
WEM,NLD,1996,878,5189,1664,96,101,71,76,2868
WEM,NLD,1997,1171,9328,3549,75,104,181,205,3820
WEM,NLD,1998,1500,6902,1782,58,637,172,501,4941
WEM,NLD,1999,1730,8407,645,93,1190,318,179,4164
WEM,NLD,2000,1987,8120,631,68,711,240,228,3034
WEM,NLD,2001,4301,8085,606,111,320,279,117,2119
WEM,NLD,2002,2382,7106,648,86,240,252,99,607
WEM,NLD,2003,1714,6113,599,96,240,335,76,578
WEM,NLD,2004,1301,7012,528,49,111,385,56,497
WEM,NLD,2005,990,11141,688,99,107,342,166,553
WEM,NLD,2006,1594,17758,606,83,81,355,110,755
WEM,NLD,2007,1676,15882,942,363,90,812,139,971
WEM,NLD,2008,983,13956,957,460,45,389,154,557
WEM,NLD,2009,839,10301,618,na,471,332,299,3705
WEM,SWE,1990,10,na,71,na,18,na,na,na
WEM,SWE,1991,na,17,na,na,na,na,na,na
WEM,SWE,1992,na,86,na,na,69,na,na,na
WEM,SWE,1993,10,17,na,na,na,na,na,na
WEM,SWE,1994,24,995,194,na,na,na,na,na
WEM,SWE,1995,46,281,26,na,na,na,na,na
WEM,SWE,1996,1,350,32,0,3,1,1,8
WEM,SWE,1997,14,1645,117,30,2,1,6,7
WEM,SWE,1998,31,1926,403,0,6,7,7,7
WEM,SWE,1999,35,904,268,na,4,0,3,3
WEM,SWE,2000,31,728,161,0,1,1,4,1
WEM,SWE,2001,26,887,309,0,1,1,35,3
WEM,SWE,2002,78,1784,254,74,0,0,3,3
WEM,SWE,2003,43,5686,212,0,1,1,7,2
WEM,SWE,2004,81,7305,146,0,0,1,18,2
WEM,SWE,2005,150,5364,96,na,0,138,3,2
WEM,SWE,2006,56,4102,88,0,0,1,261,3
WEM,SWE,2007,114,2409,73,0,10,49,135,1
WEM,SWE,2008,70,2693,364,0,18,0,219,18
WEM,SWE,2009,1748,2280,407,0,0,18,61,1
WEM,SWISS,1990,186,794,82,na,59,na,8,85
WEM,SWISS,1991,137,1523,14,na,89,na,na,83
WEM,SWISS,1992,190,1016,23,na,97,na,14,86
WEM,SWISS,1993,433,834,33,na,422,na,na,108
WEM,SWISS,1994,348,805,38,na,345,na,na,80
WEM,SWISS,1995,185,769,71,na,285,1,na,48
WEM,SWISS,1996,200,665,37,0,75,5,6,152
WEM,SWISS,1997,257,833,11,3,112,11,6,250
WEM,SWISS,1998,268,772,3,0,118,13,70,204
WEM,SWISS,1999,269,831,4,0,109,22,171,185
WEM,SWISS,2000,181,766,13,3,109,25,18,189
WEM,SWISS,2001,144,942,5,0,107,12,16,175
WEM,SWISS,2002,671,1137,39,1,411,19,31,523
WEM,SWISS,2003,2272,8189,286,17,5643,104,145,3248
WEM,SWISS,2004,347,1475,12,5,125,17,8,145
WEM,SWISS,2005,318,1918,32,4,103,21,13,142
WEM,SWISS,2006,521,2785,66,5,185,28,17,687
WEM,SWISS,2007,653,2301,90,3,268,19,163,677
WEM,SWISS,2008,444,1209,21,2,84,13,6,241
WEM,SWISS,2009,494,1097,11,1,86,21,22,220
WEM,UK,1990,2884,1885,388,149,359,184,592,1565
WEM,UK,1991,7397,1643,na,98,502,121,631,1221
WEM,UK,1992,1187,1844,58,95,958,108,781,1454
WEM,UK,1993,2162,1808,142,77,516,258,945,1096
WEM,UK,1994,1103,1971,188,105,652,298,825,1515
WEM,UK,1995,9258,6813,280,246,1012,445,564,945
WEM,UK,1996,14896,10588,564,188,941,433,595,1233
WEM,UK,1997,21725,14686,449,379,4226,415,777,1562
WEM,UK,1998,11022,19348,337,193,1257,358,706,1192
WEM,UK,1999,10758,9708,564,234,1357,568,823,1138
WEM,UK,2000,7648,9395,691,106,1146,407,759,1008
WEM,UK,2001,6394,7205,1166,162,1093,344,551,752
WEM,UK,2002,7517,11279,1187,2553,1368,861,576,2018
WEM,UK,2003,6347,12564,1008,112,1175,521,867,1190
WEM,UK,2004,6251,11748,129,244,871,326,1072,997
WEM,UK,2005,7518,11618,193,124,679,397,1234,1094
WEM,UK,2006,11375,15248,279,59,1163,914,1123,1010
WEM,UK,2007,9002,32975,1041,116,899,168,1432,1433
WEM,UK,2008,10423,28144,2076,347,1086,200,1267,1559
WEM,UK,2009,14977,32911,1833,111,849,640,782,2078
ECA,BUL,1990,,46963,73495,144,1698,,,4552
ECA,BUL,1991,1031,49048,7068,,1507,,,3146
ECA,BUL,1992,3943,48471,29934,26,1573,,,3453
ECA,BUL,1993,3522,57347,49673,,1681,,,3577
ECA,BUL,1994,5263,56305,68234,,1391,,,3207
ECA,BUL,1995,9794,66606,114481,21,1633,,11,7154
ECA,BUL,1996,7344,83532,107163,na,4788,15,385,6053
ECA,BUL,1997,6784,83483,85447,114,4489,45,230,14210
ECA,BUL,1998,5930,71608,67567,76,3311,94,181,29099
ECA,BUL,1999,2942,49010,33392,13,2794,36,432,7091
ECA,BUL,2000,1687,41295,27119,19,2072,28,572,4520
ECA,BUL,2001,2517,38655,31983,na,1343,33,1095,3470
ECA,BUL,2002,1371,31089,41185,na,1057,58,1181,2821
ECA,BUL,2003,1479,23686,54667,na,705,15,711,2104
ECA,BUL,2004,1104,18847,69583,9,565,16,750,1410
ECA,BUL,2005,569,13196,97373,na,646,3,303,2114
ECA,BUL,2006,567,10739,98517,9,594,4,321,1624
ECA,BUL,2007,862,10313,101445,na,547,13,263,785
ECA,BUL,2008,205,8942,76925,na,471,0,269,656
ECA,BUL,2009,577,6647,45264,na,463,0,210,631
ECA,CRO,1990,na,na,na,na,na,na,na,na
ECA,CRO,1991,na,na,na,na,na,na,na,na
ECA,CRO,1992,653,10074,19060,na,358,na,na,208
ECA,CRO,1993,764,17557,8330,na,460,na,na,na
ECA,CRO,1994,661,9698,2933,na,517,na,na,na
ECA,CRO,1995,454,7598,16295,10,550,na,na,na
ECA,CRO,1996,2068,5246,13771,61,502,16,0,na
ECA,CRO,1997,628,4188,5378,37,417,5,1,1
ECA,CRO,1998,519,2851,3000,5,264,12,2,67
ECA,CRO,1999,959,2895,2510,7,216,2,na,10
ECA,CRO,2000,1615,2953,4109,1,189,1,2,na
ECA,CRO,2001,454,2147,6136,9,112,1,na,0
ECA,CRO,2002,327,1956,7736,2,189,2,0,5
ECA,CRO,2003,386,1758,5864,0,136,1,0,0
ECA,CRO,2004,342,1470,3079,3,110,0,0,2
ECA,CRO,2005,240,1223,1294,2,96,na,1,0
ECA,CRO,2006,297,1093,1573,3,53,na,na,1
ECA,CRO,2007,205,965,1763,1,68,0,0,4
ECA,CRO,2008,153,876,1527,0,57,0,0,23
ECA,CRO,2009,84,966,1477,2,47,1,na,28
ECA,GEO,1990,na,na,na,na,na,na,na,na
ECA,GEO,1991,na,na,na,na,na,na,na,na
ECA,GEO,1992,na,na,3000,na,na,na,na,na
ECA,GEO,1993,na,63,2937,na,na,na,na,na
ECA,GEO,1994,na,na,2877,na,na,na,na,23
ECA,GEO,1995,na,375,2813,na,na,na,na,12
ECA,GEO,1996,2,1048,3466,na,na,na,na,34
ECA,GEO,1997,na,370,19414,na,na,na,8,na
ECA,GEO,1998,na,1020,16082,na,60,na,51,0
ECA,GEO,1999,na,na,na,na,na,na,na,na
ECA,GEO,2000,21,84,12907,na,214,0,9,123
ECA,GEO,2001,na,111,15274,na,372,na,151,234
ECA,GEO,2002,16,28,15079,na,378,na,122,72
ECA,GEO,2003,7,115,22251,na,507,na,185,39
ECA,GEO,2004,0,143,22038,3,435,na,115,42
ECA,GEO,2005,19,175,40594,na,672,na,99,64
ECA,GEO,2006,0,199,14188,na,434,10,90,105
ECA,GEO,2007,32,246,8168,na,519,na,119,180
ECA,GEO,2008,37,225,9638,na,439,na,179,118
ECA,GEO,2009,na,na,na,na,na,na,na,2
ECA,HUN,1990,192,22455,132765,152,3970,na,na,219
ECA,HUN,1991,328,27604,44990,109,4300,na,na,312
ECA,HUN,1992,66,38712,35850,93,4497,na,na,427
ECA,HUN,1993,262,37099,69551,76,4095,na,na,486
ECA,HUN,1994,884,36682,61048,67,3497,na,67,659
ECA,HUN,1995,1516,41113,78639,49,4171,15,98,1452
ECA,HUN,1996,1124,44900,53453,118,4779,98,59,1492
ECA,HUN,1997,1113,48851,44154,99,3444,53,61,2707
ECA,HUN,1998,927,49636,49365,61,3585,41,44,3870
ECA,HUN,1999,1247,46861,34909,52,2388,23,87,1655
ECA,HUN,2000,1317,39125,35912,36,2111,75,325,1319
ECA,HUN,2001,1338,36339,29140,29,1631,56,207,818
ECA,HUN,2002,2258,37371,34200,21,1691,36,84,1062
ECA,HUN,2003,2335,38504,25625,22,1703,23,60,587
ECA,HUN,2004,2448,25588,22842,19,1723,38,54,399
ECA,HUN,2005,1974,18972,28317,44,1783,16,39,698
ECA,HUN,2006,731,18311,30744,24,2431,22,34,632
ECA,HUN,2007,1703,20854,22561,22,1817,19,47,760
ECA,HUN,2008,1349,25969,35531,28,2225,54,28,521
ECA,HUN,2009,559,29151,37780,8,2594,24,40,779
ECA,MOLD,1990,na,na,na,na,na,na,na,na
ECA,MOLD,1991,na,na,na,na,na,na,na,na
ECA,MOLD,1992,na,19,164334,na,na,na,na,na
ECA,MOLD,1993,na,1351,171850,na,na,na,na,na
ECA,MOLD,1994,na,2762,142691,na,48,na,na,na
ECA,MOLD,1995,2379,1509,255565,281,17,na,na,na
ECA,MOLD,1996,484,1507,157962,na,na,na,7,168
ECA,MOLD,1997,560,1689,291754,na,35,na,na,na
ECA,MOLD,1998,21,143,114393,na,210,na,8,na
ECA,MOLD,1999,na,5,647,na,4,na,1,0
ECA,MOLD,2000,23,200,98637,na,181,na,63,31
ECA,MOLD,2001,na,283,136174,na,85,na,215,48
ECA,MOLD,2002,53,536,152406,na,328,na,233,101
ECA,MOLD,2003,50,912,200591,4,336,na,271,6
ECA,MOLD,2004,5,1059,225924,6,574,na,370,95
ECA,MOLD,2005,26,1308,252066,1,427,34,329,67
ECA,MOLD,2006,19,1288,143566,6,592,na,329,201
ECA,MOLD,2007,20,1405,63617,na,491,12,348,152
ECA,MOLD,2008,9,1218,87439,11,607,1,225,351
ECA,MOLD,2009,3,1332,93564,6,399,na,187,187
ECA,ROM,1990,71,12785,1340,na,1376,na,210,1081
ECA,ROM,1991,29,13015,17657,na,1444,na,42,1689
ECA,ROM,1992,na,15320,na,na,815,na,117,909
ECA,ROM,1993,40,15802,4137,na,872,na,164,1022
ECA,ROM,1994,554,17044,9176,na,606,na,162,1087
ECA,ROM,1995,110,24639,4480,52,422,na,na,1833
ECA,ROM,1996,185,31208,7856,72,849,na,2184,3063
ECA,ROM,1997,405,31693,40537,31,1263,13,454,6237
ECA,ROM,1998,115,27052,23854,na,957,11,839,11884
ECA,ROM,1999,86,20516,4418,18,864,94,548,2508
ECA,ROM,2000,333,19495,2867,34,965,1,598,1063
ECA,ROM,2001,5492,20054,10673,10,981,na,610,1658
ECA,ROM,2002,2641,17882,27661,11,900,11,889,391
ECA,ROM,2003,275,18172,20127,13,1345,5,639,435
ECA,ROM,2004,404,17113,17109,10,1411,21,343,605
ECA,ROM,2005,258,13807,10186,14,1336,10,257,638
ECA,ROM,2006,440,10299,5292,10,1346,12,177,248
ECA,ROM,2007,693,7126,4885,9,766,18,196,522
ECA,ROM,2008,887,6612,4221,9,759,31,169,803
ECA,ROM,2009,579,6154,2627,na,685,10,128,520
ECA,RUS,1990,51,4024,na,na,89,na,na,56
ECA,RUS,1991,na,3962,3288,na,na,na,na,na
ECA,RUS,1992,7,1841,517,na,68,na,na,na
ECA,RUS,1993,na,514,748,na,na,1912,na,na
ECA,RUS,1994,211,1228,13567,na,na,3032,na,6
ECA,RUS,1995,145,205,2606,na,na,na,na,na
ECA,RUS,1996,na,312,9293,na,87,na,1551,5
ECA,RUS,1997,na,77,1026,na,na,na,302,132
ECA,RUS,1998,na,44,309,na,0,na,15,471
ECA,RUS,1999,na,31,649,na,41,na,na,157
ECA,RUS,2000,0,15,1055,0,na,na,na,19
ECA,RUS,2001,na,10,352,na,4,na,na,90
ECA,RUS,2002,0,13,532,na,14,0,na,na
ECA,RUS,2003,4,14,612,na,6,0,0,0
ECA,RUS,2004,na,20,600,2,21,0,14,5
ECA,RUS,2005,6,35,659,na,3,na,15,4
ECA,RUS,2006,0,17,13026,791,na,na,8,na
ECA,RUS,2007,48,14,1888,372,5,na,na,9
ECA,RUS,2008,5,10,1207,0,0,na,7,23
ECA,RUS,2009,0,2,712,na,na,na,na,33
ECA,UKR,1990,na,na,na,na,na,na,na,na
ECA,UKR,1991,na,na,na,na,na,na,na,na
ECA,UKR,1992,na,2142,na,na,na,na,na,na
ECA,UKR,1993,na,2337,1328,na,na,na,na,na
ECA,UKR,1994,na,2069,18804,na,na,na,na,na
ECA,UKR,1995,na,1811,99818,na,na,na,na,na
ECA,UKR,1996,2,5061,46171,na,na,na,47,na
ECA,UKR,1997,36,3613,31716,na,na,4,60,na
ECA,UKR,1998,1,2084,23620,na,na,na,93,1
ECA,UKR,1999,1,3762,10797,na,98,na,141,na
ECA,UKR,2000,11,2996,10797,na,114,na,117,5
ECA,UKR,2001,na,2703,15392,3,33,2,160,3
ECA,UKR,2002,na,2680,13219,na,144,na,194,13
ECA,UKR,2003,2,1581,10857,na,113,na,75,17
ECA,UKR,2004,4,826,12800,na,128,7,92,16
ECA,UKR,2005,13,1430,17653,8,187,na,123,47
ECA,UKR,2006,13,826,16683,4,67,1,128,50
ECA,UKR,2007,17,1311,15586,na,101,na,122,0
ECA,UKR,2008,21,1294,22485,3,74,na,222,3
ECA,UKR,2009,30,1332,59000,1,81,na,202,36
ANZ,AUS,1990,109,28501,,6894,9898,,967,6308
ANZ,AUS,1991,667,44318,,6856,16113,,808,5991
ANZ,AUS,1992,1201,58284,,10044,14804,19,1201,7426
ANZ,AUS,1993,1234,77288,824,22191,17472,,1147,8554
ANZ,AUS,1994,609,82885,379,22836,18178,53,1366,8694
ANZ,AUS,1995,322,73128,200,12943,20028,65,1120,8084
ANZ,AUS,1996,403,152468,152,19618,43299,87,1288,16360
ANZ,AUS,1997,955,163834,709,24862,57037,220,1610,19100
ANZ,AUS,1998,1303,190741,271,26726,70716,133,1650,22030
ANZ,AUS,1999,2159,263721,209,30863,89551,543,1671,21461
ANZ,AUS,2000,3098,194669,242,20984,75007,387,1415,14738
ANZ,AUS,2001,5535,233792,578,23634,93014,420,1862,16887
ANZ,AUS,2002,4418,278876,692,26523,140188,392,1738,17973
ANZ,AUS,2003,5261,282760,921,33251,190908,1104,1724,19597
ANZ,AUS,2004,7828,350525,3540,24530,227061,629,2943,27454
ANZ,AUS,2005,8326,371650,2046,24627,250878,706,3123,32400
ANZ,AUS,2006,10274,385065,2623,31646,268883,3742,3854,53341
ANZ,AUS,2007,8596,428685,2874,31155,251439,1689,4210,50773
ANZ,AUS,2008,3764,377532,2964,19817,238517,1502,5103,51124
ANZ,AUS,2009,3369,369108,2563,21988,289610,1264,3846,80015
ANZ,NZL,1990,16,2316,na,737,231,na,na,702
ANZ,NZL,1991,na,3314,na,722,292,na,na,1273
ANZ,NZL,1992,20,5476,na,664,278,na,na,658
ANZ,NZL,1993,21,7245,na,333,460,na,na,509
ANZ,NZL,1994,21,6435,na,464,471,na,na,482
ANZ,NZL,1995,2,6253,na,584,442,na,2,506
ANZ,NZL,1996,18,9391,11,1408,549,8,4,639
ANZ,NZL,1997,34,10656,1,2286,1041,13,15,831
ANZ,NZL,1998,18,20784,2,3867,3132,28,94,1600
ANZ,NZL,1999,80,23397,24,4011,4996,36,138,1566
ANZ,NZL,2000,58,12411,10,3048,3827,30,18,953
ANZ,NZL,2001,74,25034,16,5337,7761,60,31,1651
ANZ,NZL,2002,136,26043,17,7908,10408,74,58,1927
ANZ,NZL,2003,237,27301,21,8377,12853,75,53,1935
ANZ,NZL,2004,226,37291,54,15642,19343,171,114,2909
ANZ,NZL,2005,199,26269,67,11980,16792,140,88,1784
ANZ,NZL,2006,189,27780,38,15626,18594,261,114,2108
ANZ,NZL,2007,464,35602,200,21646,23055,274,260,2580
ANZ,NZL,2008,523,36409,298,32695,24750,289,378,3326
ANZ,NZL,2009,220,49638,184,44094,29314,276,282,4484
USC,CAN,1990,63,23,54,na,39,na,71,71
USC,CAN,1991,na,na,na,na,68,na,na,59
USC,CAN,1992,na,42,na,na,85,na,79,33
USC,CAN,1993,na,22,na,na,76,na,na,73
USC,CAN,1994,na,129,na,na,126,na,na,44
USC,CAN,1995,57,640,na,na,320,101,na,205
USC,CAN,1996,155,235,na,na,285,181,21,199
USC,CAN,1997,41,236,43,na,237,102,1,587
USC,CAN,1998,59,223,15,na,210,169,na,324
USC,CAN,1999,132,153,48,na,434,90,32,255
USC,CAN,2000,93,177,13,na,201,86,11,834
USC,CAN,2001,90,230,na,na,878,145,20,702
USC,CAN,2002,71,183,2,25,750,190,6,331
USC,CAN,2003,119,107,7,6,2371,138,35,818
USC,CAN,2004,192,138,na,24,1741,49,0,355
USC,CAN,2005,94,179,0,9,1059,104,0,321
USC,CAN,2006,65,153,0,11,959,44,5,231
USC,CAN,2007,10,119,4,20,2385,3,1,354
USC,CAN,2008,8,40,na,5,8174,4,1,326
USC,CAN,2009,4,418,2,9,10123,24,8,474
USC,USA,1990,579,23024,401,390,20763,7244,1395,11263
USC,USA,1991,902,29463,568,612,26011,5404,1289,11065
USC,USA,1992,2541,37859,732,302,30064,6618,408,14302
USC,USA,1993,1305,35465,844,241,30690,4049,253,13289
USC,USA,1994,2027,44077,1816,212,31757,6606,300,14916
USC,USA,1995,2344,62624,1093,2486,27167,10029,341,26269
USC,USA,1996,3765,79292,955,257,33656,12687,671,27444
USC,USA,1997,7015,100225,693,425,35869,13115,1260,37747
USC,USA,1998,6822,126246,743,528,42596,14385,900,55894
USC,USA,1999,5748,138710,618,496,46957,15128,800,50854
USC,USA,2000,7530,146923,549,457,48287,17020,572,51176
USC,USA,2001,6673,167433,577,441,46323,15391,775,41921
USC,USA,2002,6871,156939,545,495,45233,13551,627,39590
USC,USA,2003,10914,204381,791,2113,51663,11240,585,45846
USC,USA,2004,27479,243315,1196,4000,58612,11189,775,39086
USC,USA,2005,58745,164019,1273,2314,65296,15260,1103,34193
USC,USA,2006,59833,189981,1327,1331,64629,14917,1122,39973
USC,USA,2007,59579,210408,2459,2846,70354,19342,1584,53901
USC,USA,2008,55704,137652,2713,1419,67155,10624,1479,50002
USC,USA,2009,56846,171672,6672,475,73934,14648,1183,71423
LAC,ARG,1990,3183,7790,12820,na,5686,4684,na,4028
LAC,ARG,1991,834,7497,6520,na,3293,3244,na,4620
LAC,ARG,1992,704,8448,na,na,3560,8724,na,3920
LAC,ARG,1993,892,4270,na,21,2653,3328,na,3395
LAC,ARG,1994,730,4091,na,na,1728,5506,na,3288
LAC,ARG,1995,168970,4605,4,2523,7202,26702,7702,13867
LAC,ARG,1996,43739,11864,5227,548,8592,32660,11168,13759
LAC,ARG,1997,2095,20074,1849,319,12911,58370,15140,25778
LAC,ARG,1998,2326,23576,863,225,17866,50701,929,31748
LAC,ARG,1999,1564,24599,343,637,11948,40551,3931,15868
LAC,ARG,2000,1800,29030,416,680,16868,14408,544,9397
LAC,ARG,2001,2273,28184,746,63,16863,13000,102,9317
LAC,ARG,2002,1909,21388,1767,146,14439,7124,3647,7039
LAC,ARG,2003,4088,37141,34871,755,21293,39288,12076,13597
LAC,ARG,2004,2940,28147,4464,277,19217,14765,393,6671
LAC,ARG,2005,3336,59244,26996,1177,47870,51801,12143,13935
LAC,ARG,2006,3277,59480,79181,587,62583,63187,10776,17043
LAC,ARG,2007,4596,66955,95655,6594,90781,72925,6356,14857
LAC,ARG,2008,4455,73741,108233,6263,108107,72084,12386,41373
LAC,ARG,2009,2788,64556,25161,331,110369,65886,7050,15039
LAC,BRA,1990,na,80,na,na,2052,63,na,na
LAC,BRA,1991,na,na,na,na,2478,na,na,50
LAC,BRA,1992,22,109,na,na,4177,na,na,na
LAC,BRA,1993,na,38,na,na,5879,323,na,80
LAC,BRA,1994,na,189,na,na,5688,805,na,89
LAC,BRA,1995,21,571,na,na,6141,8226,na,44
LAC,BRA,1996,24,591,na,na,7890,5871,19,90
LAC,BRA,1997,21,769,na,na,8746,5394,69,294
LAC,BRA,1998,na,362,na,na,170,5291,16,1915
LAC,BRA,1999,2,131,na,na,1,5816,31,1582
LAC,BRA,2000,1,51,na,na,7,5151,81,664
LAC,BRA,2001,6,33,na,na,10,5044,7,345
LAC,BRA,2002,9,27,na,na,7,2540,2,135
LAC,BRA,2003,2,29,15,na,17,1105,11,168
LAC,BRA,2004,10,46,8,na,72,2270,16,420
LAC,BRA,2005,70,117,248,0,218,1919,47,565
LAC,BRA,2006,28,168,348,na,163,1980,17,325
LAC,BRA,2007,121,251,410,0,225,1203,7,430
LAC,BRA,2008,65,545,6257,219,376,2064,88,254
LAC,BRA,2009,145,543,24884,2,192,422,56,1873
LAC,CHILE,1990,347,9353,na,254,17304,12076,na,3250
LAC,CHILE,1991,407,19772,na,236,30763,18822,na,3284
LAC,CHILE,1992,460,24484,na,162,30840,17899,na,2517
LAC,CHILE,1993,351,21160,30,121,31060,34201,21,1573
LAC,CHILE,1994,588,23464,na,163,34353,53213,37,1975
LAC,CHILE,1995,2980,36835,63,2958,47823,34138,657,3518
LAC,CHILE,1996,2159,68401,61,3185,85045,36314,439,6695
LAC,CHILE,1997,7905,114163,220,2906,130824,45922,649,15970
LAC,CHILE,1998,6147,97534,122,1290,85810,34046,1131,41484
LAC,CHILE,1999,na,na,na,na,na,na,21,na
LAC,CHILE,2000,10312,140858,1871,2860,84259,34764,1426,19363
LAC,CHILE,2001,11400,151749,2283,1891,86555,47701,1685,23923
LAC,CHILE,2002,11174,137480,3490,1634,73493,26310,1090,25533
LAC,CHILE,2003,18674,198244,9824,2631,84963,35343,1160,44223
LAC,CHILE,2004,23677,237175,16209,639,89315,44992,1631,52031
LAC,CHILE,2005,20989,218630,14171,1218,81601,46854,1992,25953
LAC,CHILE,2006,18419,212255,35410,1192,75999,63216,2357,58897
LAC,CHILE,2007,22029,266472,36532,4020,90822,79360,3484,99721
LAC,CHILE,2008,23008,259636,30872,3174,101987,76936,4936,84983
LAC,CHILE,2009,21062,276583,27284,743,176944,86519,4809,96538
LAC,MEX,1990,235,25,na,na,50,na,41,93
LAC,MEX,1991,261,122,na,na,355,na,na,106
LAC,MEX,1992,274,127,na,na,na,na,na,129
LAC,MEX,1993,203,189,na,na,194,na,na,63
LAC,MEX,1994,264,267,na,na,74,na,na,390
LAC,MEX,1995,675,1044,na,na,247,27,na,na
LAC,MEX,1996,711,1056,50,na,135,113,na,25
LAC,MEX,1997,964,1610,na,na,188,142,8,na
LAC,MEX,1998,637,1377,na,na,376,226,na,26
LAC,MEX,1999,537,1512,na,na,347,103,na,23
LAC,MEX,2000,406,644,na,na,425,85,na,8
LAC,MEX,2001,428,728,13,1,560,61,na,21
LAC,MEX,2002,346,624,39,na,280,2,na,35
LAC,MEX,2003,153,322,68,na,422,5,na,54
LAC,MEX,2004,235,484,23,na,493,11,37,10
LAC,MEX,2005,122,597,82,na,461,0,5,12
LAC,MEX,2006,91,226,na,na,518,10,na,18
LAC,MEX,2007,65,120,na,na,357,11,0,132
LAC,MEX,2008,25,191,na,na,427,23,na,60
LAC,MEX,2009,35,78,10,na,350,36,na,1837
LAC,URU,1990,32,,,,,,,
LAC,URU,1991,,,,,,,,
LAC,URU,1992,37,18,,,,,,
LAC,URU,1993,,,,,200,33,,
LAC,URU,1994,,34,,,,35,,
LAC,URU,1995,4,122,,,15,52,,
LAC,URU,1996,19,666,,,61,204,,
LAC,URU,1997,37,865,,6,34,107,,29
LAC,URU,1998,50,593,6,,64,354,,17
LAC,URU,1999,50,820,12,3,173,1900,,60
LAC,URU,2000,42,865,14,3,131,2056,,122
LAC,URU,2001,98,576,8,4,168,1685,,15
LAC,URU,2002,36,487,27,,120,1405,6,19
LAC,URU,2003,101,327,56,1,116,1121,,7
LAC,URU,2004,17,267,40,2,168,713,1,64
LAC,URU,2005,106,317,120,2,243,614,2,7
LAC,URU,2006,38,251,1804,,314,802,1,
LAC,URU,2007,62,272,6367,11,274,2488,10,112
LAC,URU,2008,60,282,11741,1,301,1040,10,168
LAC,URU,2009,38,157,267,3,262,912,1,21
AME,SAF,1990,2383,6130,,,,23,190,361
AME,SAF,1991,3120,8492,,,,,209,408
AME,SAF,1992,294,15190,384,,417,56,3156,989
AME,SAF,1993,679,18683,5265,350,546,59,3240,809
AME,SAF,1994,2149,31132,1915,1349,3882,76,3002,1720
AME,SAF,1995,2249,55471,3331,439,4809,154,3810,2544
AME,SAF,1996,4246,69614,685,661,5181,276,3422,3527
AME,SAF,1997,4023,88489,215,397,7380,312,3249,5500
AME,SAF,1998,3184,91422,270,4419,6235,554,6292,5619
AME,SAF,1999,3966,107161,244,486,7613,193,3572,4464
AME,SAF,2000,5181,122919,3783,2816,7207,238,8521,3704
AME,SAF,2001,5498,132092,501,5801,9497,274,8573,2571
AME,SAF,2002,5590,166172,679,6351,12199,418,15538,3248
AME,SAF,2003,6245,193797,1013,7484,11145,509,9433,3081
AME,SAF,2004,5457,220163,1495,6697,14382,825,8879,3172
AME,SAF,2005,5716,297861,2809,4579,22949,843,9839,3924
AME,SAF,2006,13330,214242,3267,2362,22203,702,11964,3852
AME,SAF,2007,8303,321157,8588,6140,30699,1147,112220,10846
AME,SAF,2008,9104,297292,24077,16761,31356,967,43058,9552
AME,SAF,2009,11517,324067,10493,6701,28447,1845,27845,18002
AME,TURK,1990,160,3148,,,,,,
AME,TURK,1991,191,2437,,,,,,
AME,TURK,1992,236,2411,,,,,,
AME,TURK,1993,211,2202,39,,39,,,
AME,TURK,1994,277,2151,,,34,,,
AME,TURK,1995,278,2571,51,,32,,,25
AME,TURK,1996,185,3321,96,,69,,3,42
AME,TURK,1997,2569,7992,29,7,65,,1,67
AME,TURK,1998,956,3500,164,2,71,,,90
AME,TURK,1999,330,3572,188,1,97,,,89
AME,TURK,2000,1731,3714,38,0,171,1,2,55
AME,TURK,2001,1459,3130,17,1,32,0,0,93
AME,TURK,2002,4731,3081,32,1,177,0,0,66
AME,TURK,2003,1421,3030,23,11,74,,10,94
AME,TURK,2004,147,3555,43,10,136,,15,49
AME,TURK,2005,110,3753,13,23,111,,7,45
AME,TURK,2006,73,3596,1969,5,168,,6,70
AME,TURK,2007,4370,2857,1388,3,146,0,1,61
AME,TURK,2008,57,2710,22,4,143,0,1,74
AME,TURK,2009,64,2656,3,na,119,0,2,58
APA,CHINA,1990,45,283,,,39,,,783
APA,CHINA,1991,200,494,,,,,,665
APA,CHINA,1992,248,413,1689,,113,,,794
APA,CHINA,1993,200,433,1914,,29,,,699
APA,CHINA,1994,56,686,1219,,60,,,8517
APA,CHINA,1995,339,524,7,,40,66,,1499
APA,CHINA,1996,586,557,8,23,40,35,4,1645
APA,CHINA,1997,691,509,5,na,26,59,na,1483
APA,CHINA,1998,1268,436,11,4,42,66,0,1439
APA,CHINA,1999,481,564,106,2283,12,52,6,1028
APA,CHINA,2000,435,736,19,0,44,56,0,2909
APA,CHINA,2001,742,468,4,na,26,66,34,1627
APA,CHINA,2002,489,566,7,13,25,48,1,797
APA,CHINA,2003,366,521,47,na,108,55,0,855
APA,CHINA,2004,291,577,96,0,67,60,6,934
APA,CHINA,2005,296,552,65,na,36,48,1,1574
APA,CHINA,2006,280,759,27,na,60,65,9,2573
APA,CHINA,2007,375,738,75,2,96,75,24,7898
APA,CHINA,2008,379,645,85,0,83,72,25,4080
APA,CHINA,2009,342,289,31,5,36,64,25,660
APA,HK,1990,,,,,,,,
APA,HK,1991,,,,,,,,
APA,HK,1992,,,,,,,,
APA,HK,1993,,,,,,,,
APA,HK,1994,,,,,,,,
APA,HK,1995,,,,,,,,
APA,HK,1996,2,44,0,5,31,0,2,3070
APA,HK,1997,70,83,5,16,33,na,2,24111
APA,HK,1998,69,243,na,22,45,na,2,14970
APA,HK,1999,14,10,na,8,34,na,10,1964
APA,HK,2000,17,6,na,11,52,7,0,844
APA,HK,2001,4,9,na,5,42,na,1,939
APA,HK,2002,4,5,na,2,32,na,1,987
APA,HK,2003,4,6,na,3,5,na,0,1000
APA,HK,2004,5,8,na,0,45,na,na,1550
APA,HK,2005,13,49,na,0,59,16,17,1890
APA,HK,2006,23,65,na,12,74,10,29,3360
APA,HK,2007,25,66,na,25,77,na,33,5531
APA,HK,2008,25,76,na,32,97,0,33,6663
APA,HK,2009,22,68,na,39,67,na,31,8255
APA,INDIA,1990,,,,,,,,
APA,INDIA,1991,,,,,,,,
APA,INDIA,1992,,,,,,,,
APA,INDIA,1993,,,,,,,,
APA,INDIA,1994,,,,,,,,
APA,INDIA,1995,,,,,,,,
APA,INDIA,1996,0,131,na,na,na,na,2,45
APA,INDIA,1997,na,90,na,4,na,na,na,21
APA,INDIA,1998,48,170,na,0,21,na,32,11
APA,INDIA,1999,16,121,na,na,2,na,3,5
APA,INDIA,2000,22,99,na,10,9,na,na,22
APA,INDIA,2001,0,29,na,na,7,na,10,72
APA,INDIA,2002,84,315,na,na,20,na,47,13
APA,INDIA,2003,34,254,na,na,1,na,109,4
APA,INDIA,2004,5,95,3,na,52,na,101,25
APA,INDIA,2005,140,117,15,1,77,1,59,75
APA,INDIA,2006,143,117,na,0,80,na,82,331
APA,INDIA,2007,241,421,2,0,90,na,89,92
APA,INDIA,2008,142,295,1,569,219,0,59,352
APA,INDIA,2009,470,135,14,301,51,3,85,1018
APA,JPN,1990,,310,na,na,na,na,na,338
APA,JPN,1991,,420,na,na,31,na,na,337
APA,JPN,1992,,380,na,na,26,na,na,274
APA,JPN,1993,,470,na,na,61,na,na,381
APA,JPN,1994,,1640,na,na,42,na,na,253
APA,JPN,1995,,na,na,na,2,na,na,300
APA,JPN,1996,na,0,na,0,12,na,na,3
APA,JPN,1997,1,na,na,na,na,na,31,2
APA,JPN,1998,75,2,1,na,1,na,na,2
APA,JPN,1999,8,13,0,na,0,na,na,184
APA,JPN,2000,1,23,1,na,8,280,na,78
APA,JPN,2001,426,7,60,1,24,1,na,65
APA,JPN,2002,16,10,na,1,41,1,na,48
APA,JPN,2003,78,13,na,1,32,0,na,41
APA,JPN,2004,7,17,na,na,22,na,na,79
APA,JPN,2005,20,2,0,na,3,8,na,41
APA,JPN,2006,106,21,na,na,12,na,na,73
APA,JPN,2007,2,2,0,na,4,0,0,45
APA,JPN,2008,21,1,1,0,100,na,na,245
APA,JPN,2009,9,8,1,0,1,125,na,233
APA,KOR,1990,,,,,,,,
APA,KOR,1991,,,,,,,,
APA,KOR,1992,,,,,,,,
APA,KOR,1993,,,,,,,,
APA,KOR,1994,,,,,,,,
APA,KOR,1995,,,,,,,,
APA,KOR,1996,1,1,7,2,4,na,na,4
APA,KOR,1997,na,0,3,na,1,na,na,3
APA,KOR,1998,9,22,na,na,7,na,na,175
APA,KOR,1999,na,na,na,na,1,na,na,81
APA,KOR,2000,1,na,na,na,na,na,na,43
APA,KOR,2001,15,9,7,na,11,na,na,12
APA,KOR,2002,4,0,7,1,1,na,na,5
APA,KOR,2003,0,na,na,na,na,na,0,2
APA,KOR,2004,na,na,0,1,na,na,na,3
APA,KOR,2005,6,na,na,3,na,0,11,15
APA,KOR,2006,na,na,na,1,na,na,na,104
APA,KOR,2007,na,na,na,1,3,na,na,58
APA,KOR,2008,18,0,0,9,10,0,na,54
APA,KOR,2009,na,0,na,1,82,na,na,20
APA,MAL,1990,,,,,,,,
APA,MAL,1991,,,,,,,,
APA,MAL,1992,,,,,,,,
APA,MAL,1993,,,,,,,,
APA,MAL,1994,,,,,,,,
APA,MAL,1995,,,,,,,,
APA,MAL,1996,0,4,na,4,3,0,0,109
APA,MAL,1997,0,1,na,3,8,0,na,133
APA,MAL,1998,0,9,na,6,0,1,4,84
APA,MAL,1999,1,8,1,7,1,1,1,365
APA,MAL,2000,1,8,1,10,1,2,5,198
APA,MAL,2001,1,9,na,8,2,0,1,214
APA,MAL,2002,0,9,na,5,1,4,1,176
APA,MAL,2003,0,11,1,10,6,na,na,409
APA,MAL,2004,3,31,6,28,13,2,12,893
APA,MAL,2005,1,32,1,22,9,0,6,1627
APA,MAL,2006,1,46,1,22,6,1,7,1738
APA,MAL,2007,2,31,1,30,6,1,3,1422
APA,MAL,2008,3,18,2,19,9,1,17,24380
APA,MAL,2009,1,23,2,7,2,1,2,2894
APA,PHIL,1990,,,,,,,,
APA,PHIL,1991,,,,,,,,
APA,PHIL,1992,,,,,,,,
APA,PHIL,1993,,,,,,,,
APA,PHIL,1994,,,,,,,,
APA,PHIL,1995,,,,,,,,
APA,PHIL,1996,11,na,na,na,na,na,na,na
APA,PHIL,1997,na,na,31,na,na,na,na,32
APA,PHIL,1998,na,na,na,na,na,na,na,na
APA,PHIL,1999,na,na,na,na,na,na,na,6
APA,PHIL,2000,2,na,na,na,na,5,na,64
APA,PHIL,2001,na,na,na,na,na,na,na,na
APA,PHIL,2002,na,na,na,na,na,na,na,na
APA,PHIL,2003,na,0,na,na,na,na,na,0
APA,PHIL,2004,na,0,na,na,na,5,na,1
APA,PHIL,2005,na,na,na,na,na,9,na,35
APA,PHIL,2006,na,na,na,na,15,na,na,41
APA,PHIL,2007,na,na,na,na,31,na,na,9
APA,PHIL,2008,na,na,na,na,na,na,na,19
APA,PHIL,2009,na,na,na,na,na,na,na,37
APA,SIN,1990,,,,,,,,
APA,SIN,1991,,,,,,,,
APA,SIN,1992,,,,,,,,
APA,SIN,1993,,,,,,,,
APA,SIN,1994,,,,,,,,
APA,SIN,1995,,,,,,,,
APA,SIN,1996,4,14,0,46,50,na,21,1723
APA,SIN,1997,10,35,6,49,43,na,16,1785
APA,SIN,1998,19,33,na,70,73,na,9,1893
APA,SIN,1999,13,27,1,96,72,na,15,2254
APA,SIN,2000,8,41,0,120,81,na,24,2556
APA,SIN,2001,9,30,1,107,51,8,25,2702
APA,SIN,2002,8,53,na,107,50,na,25,3564
APA,SIN,2003,14,30,2,328,42,1,34,5223
APA,SIN,2004,13,42,12,677,56,2,44,6231
APA,SIN,2005,16,71,10,944,124,8,28,6510
APA,SIN,2006,20,38,15,1360,66,na,32,7184
APA,SIN,2007,21,64,15,1350,76,16,75,9882
APA,SIN,2008,30,75,10,1337,54,28,38,11417
APA,SIN,2009,42,63,9,1326,54,24,30,8957
APA,THAI,1990,,,,,,,,
APA,THAI,1991,,,,,,,,
APA,THAI,1992,,,,,,,,
APA,THAI,1993,,,,,,,,
APA,THAI,1994,,,,,,,,
APA,THAI,1995,,,,,,,,
APA,THAI,1996,na,693,na,1,0,na,na,185
APA,THAI,1997,5,552,na,na,na,na,na,158
APA,THAI,1998,10,81,na,0,50,na,na,289
APA,THAI,1999,0,256,na,12,na,na,na,339
APA,THAI,2000,56,284,na,na,2,na,na,715
APA,THAI,2001,0,306,1,2,0,4,na,739
APA,THAI,2002,0,244,na,2,na,na,na,894
APA,THAI,2003,na,126,na,13,16,0,na,843
APA,THAI,2004,3,223,19,12,13,na,24,5734
APA,THAI,2005,10,388,3,15,15,na,18,1958
APA,THAI,2006,21,567,na,4,35,na,1,1383
APA,THAI,2007,16,832,1,57,9,3,0,1714
APA,THAI,2008,10,516,1,3,11,0,28,2604
APA,THAI,2009,23,154,na,0,10,3,17,3465